,Date,Likert_algorithms:Ik_weet_waar_en_hoe_vaak_een_alg,Likert_algorithms:Ik_kan_herkennen_wanneer_NU_nl_e,Likert_algorithms:Ik_begrijp_waarom_bepaalde_artik,Likert_algorithms:De_selectie_van_nieuwsartikelen_,Likert_algorithms:Ik_denk_dat_het_personalisatie-a,text,text1,Likert_transparentie:De_manier_waarop_NU_nl_uitlegt_h,Likert_transparentie:Het_is_voor_mij_belangrijk_om_te,Likert_transparentie:Ik_heb_voldoende_kennis_over_hoe,Likert_transparentie:Ik_wil_graag_dat_NU_nl_meer_info,Likert_transparentie:Ik_wil_graag_weten_welke_gegeven,Hoe_kun_je_herkennen_of_een_nieu,Likert_controle:Ik_wil_graag_de_mogelijkheid_heb,Likert_controle:Ik_vind_het_belangrijk_dat_ik_op,Likert_controle:Ik_vind_het_belangrijk_om_aan_te,Likert_controle:Het_maakt_mij_niet_uit_of_ik_con,Likert_controle:Ik_vind_het_belangrijk_om_mijn_v,In_welke_situaties_zou_je_ervoor,Likert_personalisatie_curatie:Ik_vind_dat_algoritmes_mij_helpe,Likert_personalisatie_curatie:Ik_geef_de_voorkeur_aan_aanbevel,Likert_personalisatie_curatie:Ik_denk_dat_een_algoritme_beter_,Likert_personalisatie_curatie:Ik_ben_bezorgd_dat_algoritmes_er,Likert_personalisatie_curatie:Ik_vind_het_belangrijk_dat_mense,Likert_personalisatie_curatie:Ik_vertrouw_aanbevelingen_van_ee,Hoe_belangrijk_vind_je_personali,Hoe_vaak_klik_je_op_nieuwsartike,Hoe_vaak_blijf_je_ingelogd_op_NU,Hoeveel_tijd_besteed_je_gemiddel,Heb_je_toestemming_gegeven_voor_,Welke_cookies_heb_je_geaccepteer,Wat_is_jouw_leeftijd_,URL,Location,Total Time,Device type,Browser,System,IP
0,2024-10-28 07:36:17,4,1,1,1,1,Om nieuws te delen dat hen schikt,"Obv hoe ik de site gebruik mij artikelen ""aanbieden"" die NU denkt mij te interesseren.",1,1,4,2,3,,1,5,1,1,1,,1,1,1,4,4,1,,1,Ik_log_alleen_in_wanneer_het_nod,15_tot_30_minuten,Nee,,44,,,142s,Desktop,Chrome 0.0.0,Win10,
1,2024-10-28 07:32:52,3,3,1,2,1,A,A,2,5,2,4,4,Zelfde onderwerp? Maar als ik iets bekijk dan wil dat nog niet zeggen dat het mijn interesse heeft.,5,5,2,1,5,Hou helemaal niet van personalisatie. Benzelf wel in staat om iets op te zoeken wil ik daar meer over weten.1,1,1,1,3,5,5,Hou liever het hef zelf in handen.,3,Ik_ben_altijd_ingelogd,15_tot_30_minuten,Weet_ik_niet,,N.v.t.,,,475s,Mobile Phone,IE 30.0.0,Android,
2,2024-10-28 07:17:38,5,4,4,3,3,"Homepage eerste visual, lijstje daar onder. Videos sectie op home en per categorie het eerste artikel (gok ik)",Op basis van klik en bezoek en lees gedrag profiel opbouwen en gokken wat mijn interesse is. Mijn anoniem proberen te identificeren en te blijven volgen elke keer als ik terugkom op de website en dat aan mijn profiel toe te voegen. Als ik ingelogd had geweest had het vermoedelijk op de website en in de app zo gewerkt op basis van mijn account.,3,1,4,3,3,,3,5,3,3,3,Ik vind personalisatie op een nieuws website kolder. Het nieuws is het nieuws. Als dat gefilterd vindt ik dat een gekke ontwikkeling.,3,3,4,5,3,2,"Ik krijg continue formule 1 informatie voorgeschoteld, totaal niet boeiend. Vermoedelijk omdat ik per ongeluk 1 keer ergens op heb geklikt.",3,Ik_log_alleen_in_wanneer_het_nod,5_tot_15_minuten,Ja,Cookies_voor_personalisatie_van_,44,,,361s,Desktop,Safari 18.0.1,MacOSX,
3,2024-10-28 07:11:50,1,3,3,1,1,Bij de links naar artikelen onder een ander artikel. Verder hopelijk niet.,Ik heb eigenlijk geen idee,1,5,1,5,5,Ik zou het niet weten.,3,5,3,1,1,Ik wil gewoon alle soorten nieuws lezen en niet in een fuik terecht komen waar mijn eigen mening alleen maar bevestigd wordt. Juist door onverwacht tegen nieuwsberichten aan te lopen en te lezen wat je normaal misschien niet zou lezen doe je extra kennis en nuance op.,3,1,3,5,5,4,"Ik hoef geen personalisatie, hooguit op basis van volgonderwerpen.",4,Ik_blijf_meestal_ingelogd_tijden,15_tot_30_minuten,Weet_ik_niet,,47,,,367s,Mobile Phone,Chrome Mobile 0.0.0,Android,
4,2024-10-28 03:14:50,2,4,4,2,3,Om je langer vast te houden op de site,Er wordt gekeken naar waar je op klikt of langer blijft hangen. Op basis daarvan krijg je suggesties,4,1,4,4,4,"Verscheidenheid is meestal redactie, meer van het zelfde is algoritme",1,5,2,1,4,Alle situaties. Ik wil juist breed geïnformeerd worden. Als ik dieper of meer op iets in wil zoomen ga ik zelf liever op pad,2,1,1,5,3,4,Niet. Ik merk dat ik subjectiever word,3,Ik_ben_altijd_ingelogd,15_tot_30_minuten,Nee,,53,,,417s,Mobile Phone,Chrome Mobile 0.0.0,Android,
5,2024-10-27 23:28:48,3,2,4,3,2,,,2,5,2,3,4,,3,4,4,1,3,,2,1,1,5,1,1,,3,Ik_log_nooit_in_op_NU_nl,5_tot_15_minuten,Ja,Alle_cookies_inclusief_marketing,52,,,225s,Mobile Phone,Chrome Mobile 0.0.0,Android,
6,2024-10-27 20:10:30,1,1,1,1,1,,,3,5,1,5,5,,1,5,5,1,1,,1,1,1,5,5,5,,2,Ik_log_alleen_in_wanneer_het_nod,15_tot_30_minuten,Nee,,,,,134s,Mobile Phone,Safari 18.0.1,iOS,
7,2024-10-27 19:55:47,1,1,1,1,1,bij de presentatie van de nieuwsitems,ik heb er niks mee op,1,1,1,1,1,,5,5,5,1,1,het liefst in elke situatie wil ik bepalen wat ik lees,1,1,1,5,5,5,nieuws moet beschikbaar voor iedereen en geen geknoei met AI,3,Ik_log_alleen_in_wanneer_het_nod,5_tot_15_minuten,Nee,,60,,,369s,Desktop,Chrome 0.0.0,Win10,
8,2024-10-27 19:55:04,4,3,4,3,3,,,4,2,2,3,5,,5,5,5,2,5,,4,4,4,4,5,5,,4,Ik_blijf_meestal_ingelogd_tijden,Minder_dan_5_minuten,Weet_ik_niet,,70,,,346s,Mobile Phone,Chrome Mobile 0.0.0,Android,
9,2024-10-27 19:12:45,3,2,1,1,1,"Home page, onder artikelen, reclame naast artikelen en home page",Ze volgen je met coeckies en instellingen.,1,1,1,3,4,,1,5,1,1,1,Altijd!!!! Nieuws moet zuiver blijven. Persoonlijke nieuws feed is onwenselijk. Misschien zelf gevaarlijk,1,1,1,5,5,5,Ik vind personalisatie van news een slecht iedee. Er zijn al genoeg mensen met maar een eenzijdige kijk op de wereld,3,Ik_log_nooit_in_op_NU_nl,5_tot_15_minuten,Nee,,40,,,684s,Tablet,Safari 17.6.0,iOS,
10,2024-10-27 18:35:07,1,1,1,1,1,Geen idee- totaal niet transparant.,Geen idee.,1,5,1,5,5,Geen idee.,5,5,5,1,5,Wil graag brede informatie met duidelijke bronvermelding.,1,1,1,5,5,5,Nee,2,Ik_log_alleen_in_wanneer_het_nod,15_tot_30_minuten,Ja,Cookies_voor_personalisatie_van_,70,,,420s,Mobile Phone,Chrome Mobile 0.0.0,Android,
11,2024-10-27 17:45:06,1,1,1,1,1,Hoop dat het niet wordt gebruikt,Ik hoop dat het niet wordt gebruikt,1,5,1,5,5,Geen idee. Misschien sta,1,5,3,1,3,Allerlei situaties want ik wil divers nieuws zien,2,1,1,5,5,5,Wil geen personalisatie,5,Ik_ben_altijd_ingelogd,30_tot_60_minuten,Weet_ik_niet,,59,,,263s,Mobile Phone,Chrome Mobile 0.0.0,Android,
12,2024-10-27 17:12:32,1,1,2,2,1,Bij reclame,"Wat ik bekijk ,daar wordt op ingespeeld",2,4,1,5,5,Geen idee,1,5,1,3,5,"Wil graag al het nieuws zien ,niet alleen wat wordt aanbevolen door mijn internet gebruikt",1,1,1,5,5,5,"Wil geen selectie,maar gewoon al het nieuws",3,Ik_ben_altijd_ingelogd,30_tot_60_minuten,Nee,,50,,,378s,Mobile Phone,Chrome Mobile 0.0.0,Android,
13,2024-10-27 17:08:16,1,1,1,3,3,?,?,1,1,1,5,5,?,5,5,5,1,5,Als ik een gemiddelde  zoek,1,1,1,5,5,5,,1,Ik_log_alleen_in_wanneer_het_nod,5_tot_15_minuten,Ja,Alle_cookies_inclusief_marketing,68,,,297s,Mobile Phone,Samsung Browser 26.0.0,Android,
14,2024-10-27 16:27:09,5,4,4,2,1,Ik ben het er niet mee eens als het algoritme voor mij kiest wat ik aan nieuws te zien krijg. Dan krijg je tunnel visie. En ik wil zo breed mogelijk nieuws zien om zelf te kiezen wat ik wil lezen.,Als je merkt dat het beeld dat je voorgeschoteld krijgt éénzijdig is. Kijk daarom ook op andere nieuwsites of vergelijk mijn Nu.nl met andere om te zien of daar verschillend is,1,4,3,5,5,Ik denk dat dat tegenwoordig steeds lastiger is om te herkennen,4,5,4,1,3,Dat er tunnel visie ontstaat. En dat je steeds dezelfde artikelen krijgt,3,1,1,5,5,1,Dat je teveel hetzelfde nieuws te zien krijgt en dat maakt dat ik van de site ga,4,Ik_log_alleen_in_wanneer_het_nod,15_tot_30_minuten,Nee,,45,,,816s,Mobile Phone,Samsung Browser 17.0.0,Android,
15,2024-10-27 15:16:52,3,4,5,2,1,Omdat aangeboden items in overeenstemming zijn met door recent bezochte informatie.,Zie vorige vraag. Kennelijk wordt er ten onrechte vanuit gegaan dat informatie zoeken synoniem is met nog meer van hetzelfde tot je willen nemen.,4,1,4,5,5,"Minder recent vaak met "" het hele verhaal"" om nog meer van hetzelfde te zien.",4,5,5,1,5,Bijna altijd. Personalisatie leidt tot leven in je eigen bubbel. Ik neem graag kennis van andere meningen. Juist die welke tegen mijn levensbeschouwingen ingaan.,1,4,3,3,4,3,Niet belangrijk. Zelfs onwenselijk met name bij nieuws - ik ben voor neutrale berichtgeving met een duidelijke scheiding tussen nieuws en opinie van redacteuren.,2,Ik_log_nooit_in_op_NU_nl,5_tot_15_minuten,Nee,,73,,,833s,Mobile Phone,Chrome Mobile 0.0.0,Android,
16,2024-10-27 14:06:16,2,2,3,2,2,overal waar ik op klik,nee,1,5,2,5,5,geen idee,5,5,5,1,5,niet,3,2,2,4,4,3,niet,2,Ik_ben_altijd_ingelogd,30_tot_60_minuten,Weet_ik_niet,,50,,,333s,Desktop,Chrome 0.0.0,Win10,
17,2024-10-27 13:17:47,1,2,5,2,3,,,3,4,2,1,1,,1,2,3,4,5,,5,4,3,2,1,5,,5,Ik_blijf_meestal_ingelogd_tijden,15_tot_30_minuten,Ja,Alleen_noodzakelijke_cookies,54,,,130s,Mobile Phone,Chrome Mobile 0.0.0,Android,
18,2024-10-27 12:22:56,1,2,1,1,1,In gepersonaliseerde feeds,"Nee, dat kan ik niet.",1,5,1,5,5,Als het lijkt op het artikel dat ik ervoor las.,3,5,5,1,3,Ik heb personalisatie altijd en overal zoveel mogelijk uitstaan. Niemand hoeft te weten of te meten wat ik wanneer lees of doe.,1,1,1,4,5,5,Ik vind personalisatie dom en kortzichtig. Het zorgt voor een spiraal waar je niet uitkomt.,3,Ik_ben_altijd_ingelogd,15_tot_30_minuten,Nee,,49,,,265s,Mobile Phone,Chrome Mobile 0.0.0,Android,
19,2024-10-27 12:17:03,3,2,1,1,1,Welke artikelen in de eerste lijst staan,Nope,1,1,1,1,1,,1,1,1,5,1,,1,1,1,1,1,1,,1,Ik_ben_altijd_ingelogd,30_tot_60_minuten,Weet_ik_niet,,30,,,186s,Mobile Phone,Chrome Mobile 0.0.0,Android,
20,2024-10-27 11:59:22,1,2,2,2,1,Hoofdpagina en aanbevelingen op itempagina's,Gebaseerd op gelezen artikelen en lees frequenties,1,5,2,5,5,Niet,3,5,4,2,5,Voorkomen van tunnelvisie,4,3,4,5,3,3,Nee,3,Ik_log_nooit_in_op_NU_nl,30_tot_60_minuten,Nee,,67,,,468s,Mobile Phone,Chrome Mobile 0.0.0,Android,
21,2024-10-27 11:09:12,3,3,3,2,2,Geen idee,Door de dingen die ik lees,2,4,2,4,5,Geen idee,1,5,4,1,3,Wil zo min mogelijk persoonlijke info delen,3,3,3,4,4,4,Nee,2,Ik_blijf_meestal_ingelogd_tijden,5_tot_15_minuten,Ja,Alleen_noodzakelijke_cookies,48,,,226s,Mobile Phone,Chrome Mobile 0.0.0,Android,
22,2024-10-27 11:05:52,1,1,2,1,1,,Met cookies,1,5,1,5,5,Geen idee,5,5,1,1,1,"Niet, nieuws dient neutraal aangeboden te worden , of je wel of niet leest bepaald de lezer zelf",3,1,1,5,4,5,,5,Ik_ben_altijd_ingelogd,5_tot_15_minuten,Nee,,66,,,482s,Mobile Phone,Chrome Mobile 0.0.0,Android,
23,2024-10-27 10:07:36,1,1,4,1,3,Ik ben me er nooit bewust van geweest dat nu.nl gebruik maakt van algoritmen. Behalve wellicht bij reclames.,Dmv cookies tracken welke soort artikelen ik open en hoe lang ik ze lees.,1,5,1,5,5,Geen idee.,4,5,4,5,4,Om niet in een fuik te belanden en om breed geïnformeerd te worden over dingen die spelen in de wereld.,5,2,3,5,5,3,Niet belangrijk.,3,Ik_blijf_meestal_ingelogd_tijden,5_tot_15_minuten,Weet_ik_niet,,44,,,437s,Mobile Phone,Safari 16.6.0,iOS,
24,2024-10-27 09:59:09,1,1,1,1,1,,,1,1,1,1,1,,1,1,1,1,1,,1,1,1,1,1,1,,1,Ik_log_nooit_in_op_NU_nl,Minder_dan_5_minuten,Ja,Cookies_voor_personalisatie_van_,101,,,82s,Desktop,Firefox 131.0.0,Win10,
25,2024-10-27 09:40:52,1,1,3,1,1,Geen idee,Ook geen idee. Ik heb geen interesse in sport maar krijg het toch altijd weer te zien.,1,5,1,5,5,Geen idee,4,5,5,1,5,,1,1,1,5,5,3,,3,Ik_ben_altijd_ingelogd,15_tot_30_minuten,Weet_ik_niet,,69,,,326s,Mobile Phone,Chrome Mobile 0.0.0,Android,
26,2024-10-27 09:33:03,4,4,4,2,2,"Vast houden van de aandacht, terug keren van de bezoeker",Op basis van beschikbare gegevens wordt informatie voorgeschoteld,3,5,4,2,3,.,2,5,2,2,3,Altijd. Nieuws is nieuws,2,1,1,5,5,5,Zou achterwegen moeten blijven. Je mist nieuws.,3,Ik_log_nooit_in_op_NU_nl,30_tot_60_minuten,Ja,Alleen_noodzakelijke_cookies,,,,922s,Mobile Phone,Chrome Mobile 0.0.0,Android,
27,2024-10-27 09:13:48,2,3,4,3,2,Bij categorie type artikelen die je opent.,Net als cookies,1,2,1,3,3,Nee.,4,5,4,2,4,Als ik even geen nieuws heb gelezen,3,3,4,4,4,3,Het is erg fijn om lokaal nieuws in mijn overzicht te zien. Dan hoef ik niet nog eens naar L1 hiervoor.,3,Ik_ben_altijd_ingelogd,5_tot_15_minuten,Ja,Alle_cookies_inclusief_marketing,38,,,320s,Mobile Phone,Chrome Mobile 0.0.0,Android,
28,2024-10-27 08:17:09,3,3,4,4,4,,,1,3,2,5,5,,5,5,5,1,5,,3,3,2,3,4,4,,3,Ik_blijf_meestal_ingelogd_tijden,30_tot_60_minuten,Weet_ik_niet,,70,,,427s,Mobile Phone,Chrome Mobile 0.0.0,Android,
29,2024-10-27 07:30:07,3,4,2,1,1,Vooral bij artikelen welke veel reacties kunnen leveren,Artikelen eerst tonen nadat de reactie mogelijkheid is verlopen zodat de reacties die er staan allen de gewenste opinie versterken.,2,4,3,5,5,,5,5,1,1,1,"Ik zou graag alle nieuws zien, ongefilterd",1,1,1,5,3,1,"Grondwettelijk is er een vrijheid van nieuws vergaren, selecteren in het aanbod past dus niet.",4,Ik_log_alleen_in_wanneer_het_nod,Minder_dan_5_minuten,Nee,,,,,425s,Mobile Phone,Chrome Mobile 0.0.0,Android,
30,2024-10-27 07:26:04,3,2,3,1,3,"geld te verdienen, invloed hebben op de voorkeur van bezoekers","Algoritme bestudeert mijn gedrag op het net, en jullie gebruiken het om mijn voorkeur te gebruiken, en melken maar !",2,4,3,5,3,"weet u het nog ? De reacties op het verhaal, mijn inziens te veel botjes met politiek voorkeur. Bij NU.nl is deze zeer duidelijk te zien  in de opmaak van het artikel. Het is net politiek ""bijt niet de hand die je voed""",4,5,3,2,3,nvt,1,2,1,4,5,1,"Niet oké, AI/algro bepaalt niet mijn gedachten, maar mijn anonieme surf gedrag en mijn  perverse geest. Die word uitgebuit. Wereld online is andwers dan de werkelijkheid hoe iemand is.,",1,Ik_log_alleen_in_wanneer_het_nod,5_tot_15_minuten,Ja,Alle_cookies_inclusief_marketing,60,,,1083s,Desktop,Chrome 0.0.0,Win10,
31,2024-10-27 07:21:43,3,4,1,1,2,,,2,5,3,5,5,,3,5,4,1,1,"Altijd, of iig zo vaak als nog kan! Want wat is het doel, anders dan target advertising?",2,1,1,2,4,5,"Mensen lezen al honderd jaar ""gekleurd"" nieuws, lang voor internet.",2,Ik_log_nooit_in_op_NU_nl,5_tot_15_minuten,Nee,,Gen X,,,484s,Mobile Phone,Chrome Mobile 0.0.0,Android,
32,2024-10-27 07:15:09,2,2,3,3,2,Mogelijk voor de reclames die meelopen met de nieuwssite,"Er wordt onthouden naar wat ik eerder heb aangeklikt, mogelijk zelfs wat ik op andere sites aanklik en daar worden mijn ads op aangepast. Maar ook de video’s worden aangepast op dat wat ik leuk zou vinden",2,4,2,5,5,"Ik hoop dat de redactie dat er dan bij zet, er zijn wel artikelen waar dat bij staat nl. verder weet ik niet",3,5,2,1,1,"Niet. Personalisatie betekent m.i. altijd dat je iets van je scherpte inlevert, je je wereldbeeld probeert aan te passen aan dat wat je wilt dat het is en je beïnvloed wordt door dat wat je wel (en niet) inziet.lijkt me zeker in deze tijd helemaal niet gezond",2,3,2,5,4,4,Nee,3,Ik_log_alleen_in_wanneer_het_nod,5_tot_15_minuten,Nee,,55,,,676s,Desktop,Safari 17.6.0,MacOSX,
33,2024-10-27 07:12:20,4,4,4,4,3,nvt,nvt,4,4,4,4,4,nvt,4,4,4,4,4,nvt,4,4,4,4,4,4,nvt,4,Ik_ben_altijd_ingelogd,30_tot_60_minuten,Ja,Alleen_noodzakelijke_cookies,71,,,145s,Desktop,Chrome 0.0.0,Win10,
34,2024-10-27 07:03:52,2,2,1,2,1,,,1,5,1,5,5,,5,5,5,1,3,,2,1,1,1,5,5,,2,Ik_log_alleen_in_wanneer_het_nod,15_tot_30_minuten,Ja,Alleen_noodzakelijke_cookies,67,,,202s,Mobile Phone,Safari 17.7.0,iOS,
35,2024-10-27 07:01:03,2,2,2,1,4,"Alle EU-kritische, moslimkritische, en overheidskritische reacties eruit filteren",,1,3,1,4,4,,3,3,1,1,4,,2,3,4,4,1,1,"De redactie heeft de mogelijkheid een algoritme naar hun wens samen te stellen, ik kan dat niet",3,Ik_ben_altijd_ingelogd,30_tot_60_minuten,Weet_ik_niet,,67,,,531s,Tablet,Chrome 0.0.0,Android,
36,2024-10-27 06:23:03,1,1,3,5,4,??,???,1,5,1,5,5,???,5,5,5,1,5,Alle situatiies,3,2,2,5,5,5,Ik vind privacy belangrijk,3,Ik_log_nooit_in_op_NU_nl,5_tot_15_minuten,Nee,,50,,,252s,Mobile Phone,Safari 16.6.0,iOS,
37,2024-10-27 06:21:08,2,3,1,1,1,,,2,2,1,5,5,,3,3,3,5,2,"Ik wil die mogelijkheid altijd hebben, ik vind privacy belangrijk.",1,1,3,2,2,3,,1,Ik_log_nooit_in_op_NU_nl,5_tot_15_minuten,Ja,Alleen_noodzakelijke_cookies,Nvt,,,293s,Mobile Phone,Chrome Mobile 0.0.0,Android,
38,2024-10-27 06:13:05,4,3,4,2,3,Belangrijk nieuws,Door te kijken naar waar ik op klik beveelt de site volgende artikelen,2,5,2,5,5,Geen idee,5,5,4,1,4,"Als er veel polarisatie is, ik wil beide kanten van het verhaal horen en niet alleen de mening van mensen die hetzelfde denken als ik",4,1,1,5,5,4,"Niet echt belangrijk, geeft teveel tunnelvisie",4,Ik_blijf_meestal_ingelogd_tijden,15_tot_30_minuten,Ja,Cookies_voor_personalisatie_van_,49,,,308s,Mobile Phone,Safari 17.6.0,iOS,
39,2024-10-27 05:48:04,3,4,5,3,2,,,4,4,2,4,5,,4,5,5,1,4,,4,4,3,5,4,2,,3,Ik_blijf_meestal_ingelogd_tijden,15_tot_30_minuten,Weet_ik_niet,,72,,,412s,Mobile Phone,Safari 16.6.0,iOS,
40,2024-10-27 05:23:03,4,3,4,2,1,Over de hele website en bij gerelateerde artikelen.,Er worden meer berichten getoond uit categorieën en of type berichten die ik eerder heb gelezen obv klikvoorkeur,2,5,1,5,5,,4,5,5,1,5,Als een ander ip mijn systeem heeft zitten browsen en ik daardoor onzin artikelen voorgeschoteld krijg,4,4,4,4,2,1,Ik vind de redactie van nu dusdanig politiek gekleurd dat ik hun selectie ook niet echt vertrouw,4,Ik_blijf_meestal_ingelogd_tijden,5_tot_15_minuten,Ja,Alle_cookies_inclusief_marketing,42,,,314s,Mobile Phone,Safari 18.0.1,iOS,
41,2024-10-26 23:07:30,1,2,3,1,3,Weet niet,Nee,3,4,1,5,5,,5,5,3,1,3,,3,2,4,5,4,3,,2,Ik_log_alleen_in_wanneer_het_nod,Minder_dan_5_minuten,Nee,,46,,,276s,Mobile Phone,Safari 17.6.0,iOS,
42,2024-10-26 22:29:13,4,5,3,3,3,Over de gehele website,"Bestuderen gedrag, en vanuit die basis "" passende advertenties"" of gelijksoortig nieuws aanbieden",2,2,4,3,2,Door herkenning,4,5,1,3,2,"Om ""objectief"" nieuws te zien",3,2,3,2,4,3,"Niet belangrijk. Soms ook ongewenst. Ik weet al wat ik denk, dan zie ik liever hoe andere anders denken.",3,Ik_ben_altijd_ingelogd,30_tot_60_minuten,Ja,Alle_cookies_inclusief_marketing,60,,,741s,Mobile Phone,Chrome Mobile 0.0.0,Android,
43,2024-10-26 22:02:50,2,3,3,4,5,"nou,vooral voor het  anti-Semitisme,dat is toch wel waar het omdraait bij Nu.nl-daarom heeft de UvU natuurlijk Nu.nl uitegkozen-want deUvU staat ook bekend om zijn ant-Semitisme.-broeders in het kwaad van het anti-Semitisme.","nou,is moeilijk,maar ze voelen het aan -dat anti-Semitisme.",1,1,1,5,5,"nou,als het weer zo pro-Hamas is een anti-Semitisch-dan herken ik dat als werk van de anti-Semitische redactie.Voel je aan.",5,5,5,5,5,"Nou,als het te gortig wordt met het anti-Semitisme-dat je denkt-nu wel even genoeg pro-Hamas gezeik-kan wel wat minder dan kiesc je er voor de personalisaties uit te schakelen.Maken ze het te bont .Die jodenhaters.",5,3,5,1,5,3,"Nou,wel belangrijk.Een voorbeeld die mijn. ervaring heeft beinvloed,was het vergelijken van de terroristische organisatie Hamas met de Christen Uniee.",5,Ik_ben_altijd_ingelogd,Meer_dan_60_minuten,Ja,Alle_cookies_inclusief_marketing,"nou,omdat ik binair ben lid ben  van de LBTQ+ gemeenschap ben en  van de LInkse kerk ben,behoorlijk Woke ben alert ben m.b.t.an anti-Semitisme hoef ik dat m.i. niet te melden,ouder dan 18 en jonger dan 90-en ben overtuigd anti-Semiet en lid van de Christen Unie dan 18",,,1468s,Desktop,Chrome 0.0.0,MacOSX,
44,2024-10-26 21:06:04,1,2,3,2,2,"Bij artikelen die ik lees staan soms artikelen die erbij horen, maar eerder verschenen. Maar soms ook gerelateerde artikelen. Bijvoorbeeld een artikel over kindermisbruik, krijg ik onderaan of in het artikel andere nieuwsitems over dat onderwerp te zien. Verder heb ik eigenlijk niet door dat nieuws gepersonaliseerd is. Ik bekijk vaak alleen de hoofdpagina en dacht dat die voor iedereen hetzelfde was! Maar misschien ben ik dan wel heel naïef denk ik nu…",Ja geen idee dus eigenlijk… ik heb niet het idee dat het echt gepersonaliseerd wordt. Behalve gerelateerde artikelen bij artikelen die ik lees.,2,5,1,5,5,Ja geen idee dus,3,5,1,1,1,"Het liefst altijd. Ik wil niet in een fuik terecht komen, maar over alles het nieuws zien en zelf eruit pikken wat ik wel en niet wil lezen",3,2,2,5,5,5,Nog niet…,1,Ik_ben_altijd_ingelogd,5_tot_15_minuten,Weet_ik_niet,,36,,,382s,Mobile Phone,Safari 17.6.0,iOS,
45,2024-10-26 20:40:43,1,1,1,1,1,,,1,1,1,1,1,,1,1,1,1,1,,1,1,1,1,1,1,,1,Ik_log_nooit_in_op_NU_nl,Minder_dan_5_minuten,Nee,,,,,102s,Mobile Phone,Chrome Mobile 0.0.0,Android,
46,2024-10-26 20:10:05,1,1,1,1,1,Volgens mij wordt er geen enkel algoritme gebruikt voor het toewijzen van nieuws,"Het werkt niet, ik zie mijn politieke voorkeur niet terug en nu.nl is erg goed in het censureren van reacties die niet bij hun politieke smaak passen",1,1,1,4,4,"Kan ik niet,",2,5,2,2,2,Personalisatie is storend omdat je dan in je eigen bubble zit,1,2,1,2,3,4,Totaal niet belangrijk,2,Ik_ben_altijd_ingelogd,15_tot_30_minuten,Ja,Alle_cookies_inclusief_marketing,59,,,266s,Mobile Phone,Safari 17.5.0,iOS,
47,2024-10-26 20:07:23,2,1,4,3,3,,,2,4,2,5,5,,4,5,5,1,5,,4,5,3,5,5,4,,4,Ik_ben_altijd_ingelogd,30_tot_60_minuten,Weet_ik_niet,,63,,,207s,Desktop,Firefox 131.0.0,Win10,
48,2024-10-26 19:56:36,1,1,1,1,1,Geen idee.,Waarom zou ik alleen op mijzelf gerichte informatie willen lezen?,1,3,1,3,3,Geen idee.,1,5,3,5,1,Geen idee.,1,1,1,5,5,5,Nee.,3,Ik_ben_altijd_ingelogd,15_tot_30_minuten,Ja,Alle_cookies_inclusief_marketing,54,,,522s,Mobile Phone,Chrome Mobile 0.0.0,Android,
49,2024-10-26 19:55:34,1,1,1,1,1,,,1,1,1,5,4,,5,5,4,1,4,,1,1,1,5,5,5,,1,Ik_ben_altijd_ingelogd,5_tot_15_minuten,Weet_ik_niet,,62,,,185s,Mobile Phone,Safari 18.0.1,iOS,
50,2024-10-26 19:53:42,4,3,4,2,2,,,4,3,4,3,5,,5,5,5,1,5,,3,3,4,2,5,5,,3,Ik_log_alleen_in_wanneer_het_nod,15_tot_30_minuten,Nee,,,,,255s,,Default Browser 0.0.0,unknown,
51,2024-10-26 19:20:15,2,2,2,2,2,Geen idee,Via reclame?,1,5,1,5,5,Weet niet,5,5,5,1,5,"Alle belangrijke onderwerpen, gebeurtenissen",2,1,1,5,5,5,Ik wil zelf nieuwscategorieen junnen uitsluiten (sport en shownieuws).. verder geen behoefte aan personalisatie,4,Ik_log_alleen_in_wanneer_het_nod,30_tot_60_minuten,Weet_ik_niet,,65,,,444s,Mobile Phone,Safari 16.6.0,iOS,
52,2024-10-26 19:17:30,1,1,1,1,1,,Ik denk dat het niet goed werkt bij mij. Want ik heb een hekel aan voetbal of sport. Wil het echt niet volgen. Ik krijg dat altijd te zien en weet niet hoe ik het uit moet zetten.,1,1,1,5,4,Weet ik niet,5,5,5,1,5,Zou ik niet snel uitschakelen,1,1,3,3,3,3,,1,Ik_ben_altijd_ingelogd,Minder_dan_5_minuten,Ja,Alleen_noodzakelijke_cookies,54,,,364s,Mobile Phone,Chrome Mobile 0.0.0,Android,
53,2024-10-26 19:12:12,3,1,4,1,1,geen idee of het moet een algoritme zijn voor dingen die ik niet wil zien. Sport bijvoorbeeld.,"Nee, geen idee",1,1,1,5,5,,5,5,5,2,5,om af en toe ook eens te kijken wat er verder nog gebeurt,3,3,5,4,5,5,,3,Ik_ben_altijd_ingelogd,Meer_dan_60_minuten,Ja,Alle_cookies_inclusief_marketing,59,,,369s,Desktop,Chrome 0.0.0,Win10,
54,2024-10-26 18:31:11,1,1,4,3,3,Compleet geen idee,Artikelen die je leest worden per categorie en onderwerp bijgehouden. Andere artikelen uit die categorieën en met die onderwerpen worden hoger / eerder in je lijst met nieuws weergegeven,1,2,1,4,5,?,5,5,5,1,5,"Als ik onderwerpen te zien krijg die mij 0,0 interesseren, want dan werkt het algoritme duidelijk niet",2,4,5,4,3,2,Maakt mij weinig uit,3,Ik_log_nooit_in_op_NU_nl,Meer_dan_60_minuten,Nee,,44,,,382s,,Default Browser 0.0.0,unknown,
55,2024-10-26 18:23:15,2,2,3,4,4,Bij het bepalen welk nieuws er voor mij het meest prominent moet worden getoond,"Aan de hand van het eerder aanklikken van artikelen, wordt bepaald waar mijn interesses liggen en worden de artikelen die daarmee te maken hebben prominenter getoond en worden de advertenties die ik zie daarop aangepast",3,3,2,4,4,"weet ik niet, zou ik wel willen weten",5,2,5,2,5,"Als ik behoefte heb om makkelijker ""ander"" nieuws te lezen",4,3,3,3,3,2,Belangrijk. Ik kijk vaker op nu.nl omdat ik daar het makkelijkst artikelen kan vinden over Oekraïne en Israel/Gaza,4,Ik_ben_altijd_ingelogd,30_tot_60_minuten,Ja,Alle_cookies_inclusief_marketing,55,,,782s,Mobile Phone,Chrome Mobile 0.0.0,Android,
56,2024-10-26 18:07:19,2,1,3,3,3,"Algemeen, verder geen idee, onttrek me daar aan wanneer herkend.",Koppelen browsegedrag aan herleidbare ID + tracking.,1,1,1,3,3,"Geen idee, ook nooit uitleg gezien.",4,5,2,1,3,In principe altijd wegens privacy. Niet alleen hier maar ook via tracking.,3,3,3,1,3,1,"Totaal onbelangrijk en zelfs ongewenst. Ik maak mijn eigen selectie en hou daarbij rekening met de sterk gekleurde mening van Nu, NOS enz.",1,Ik_log_nooit_in_op_NU_nl,5_tot_15_minuten,Nee,,Volwassenen,,,707s,Mobile Phone,Chrome Mobile 0.0.0,Android,
57,2024-10-26 17:39:41,1,1,1,1,1,geen idee,geen idee,1,1,1,3,3,geen idee,1,1,1,5,1,geen idee,1,1,1,1,5,5,geen idee,2,Ik_blijf_meestal_ingelogd_tijden,30_tot_60_minuten,Weet_ik_niet,,52,,,287s,Desktop,Firefox 131.0.0,Win10,
58,2024-10-26 17:21:35,1,1,1,1,1,Geen idee,Geen idee,1,1,1,5,5,Geen idee,1,5,1,1,1,"Altijd. Ik wil alles gelijkwaardig aangeboden krijgen, ik wil geen algorithmes! Zelf kunnen bepalen wat interressant is en wat niet. Stop met AI of al die andere zelflerende flauwekul. Uiteindelijk weten mensne dan niets meer van de echte wereld!",1,1,1,5,1,5,Onbelangrijk. Voorkwouwen van smaak of interesses is levensgevaarlijk! Ik selecteer zelf wel uit het aanbod-door de categorieen te bekijken. Dan blijft net initiatief bij mijzelf en ben ik zlef in charge over wat ik wil lezen.,1,Ik_log_alleen_in_wanneer_het_nod,15_tot_30_minuten,Nee,,68,,,448s,Desktop,Safari 17.6.0,MacOSX,
59,2024-10-26 17:19:35,2,4,5,2,2,,,1,4,2,5,5,,5,5,5,3,5,,3,3,2,4,2,1,,3,Ik_ben_altijd_ingelogd,Meer_dan_60_minuten,Ja,Alle_cookies_inclusief_marketing,41,,,199s,Mobile Phone,Chrome Mobile 0.0.0,Android,
60,2024-10-26 17:02:47,1,1,5,4,2,,,1,3,2,2,3,,4,4,4,2,4,,4,4,4,3,3,2,,4,Ik_ben_altijd_ingelogd,5_tot_15_minuten,Nee,,,,,138s,Mobile Phone,Samsung Browser 26.0.0,Android,
61,2024-10-26 16:41:03,1,1,5,1,1,Geen idee,Aan de hand van je lees gedrag de site aanpassen,1,5,1,5,5,Geen idee ??,5,5,1,1,5,Ik wil zien wat iedereen ziet. Geen bubbel,1,1,5,5,5,5,Liever alles voor iedereen,1,Ik_log_alleen_in_wanneer_het_nod,15_tot_30_minuten,Ja,Cookies_voor_personalisatie_van_,54,,,199s,Mobile Phone,Safari 17.6.0,iOS,
62,2024-10-26 16:31:22,2,2,2,3,3,"Geen idee, wel benieuwd.",,1,4,1,5,5,"Geen idee, ik ben wel benieuwd",5,5,5,1,5,Actualiteit,3,3,3,4,2,3,Ik wil alle actualiteit volgen.,4,Ik_log_alleen_in_wanneer_het_nod,15_tot_30_minuten,Nee,,69,,,435s,Mobile Phone,Chrome Mobile 0.0.0,Android,
63,2024-10-26 16:30:11,3,4,4,4,4,Nieuws berichten aanbevelingen en reclame,"Type nieuws berichten die ik Lees, bezochte websites",3,4,2,4,4,Staat bij aanbevolen nieuwsberichten,4,4,2,2,2,Berichten te lezen die niet direct in mijn voorkeur valt,4,2,3,2,2,3,,4,Ik_ben_altijd_ingelogd,Meer_dan_60_minuten,Ja,Alle_cookies_inclusief_marketing,46,,,446s,Mobile Phone,Chrome Mobile 0.0.0,Android,
64,2024-10-26 16:11:08,2,2,2,2,2,Dat wist ik eigenlijk helemaal niet,"Nee, heb echt geen idee",2,3,2,4,4,"Dat kan ik niet, tenzij er ooit iets verschijnen daar duidelijk alleen voor mij bedoeld is en niemand anders",4,5,4,1,4,Als ik ooit het idee krijg dat ik iets mis,2,1,3,3,5,5,Niet belangrijk. Ik wil al het belangrijkste nieuws lezen en heb tijd genoeg.,3,Ik_ben_altijd_ingelogd,Meer_dan_60_minuten,Ja,Cookies_voor_personalisatie_van_,60,,,368s,Mobile Phone,Chrome Mobile 0.0.0,Android,
65,2024-10-26 15:34:44,3,3,3,3,3,Op de links-rechts thema's,adh clicks op bepaalde thema's heeft men een beeld waar mijn interesse's liggen.,1,2,4,4,4,"Nee, te vaak ""links"" georrienteerd",4,5,5,1,1,nvt,5,5,5,1,5,3,,3,Ik_log_nooit_in_op_NU_nl,5_tot_15_minuten,Nee,,42,,,276s,Desktop,Chrome 0.0.0,Win10,
66,2024-10-26 15:14:07,2,1,1,1,3,Geen idee,Geen idee,2,5,1,5,5,Geen idee,1,5,1,5,1,Alle artikelen betreffende Bn'ers.,3,1,3,1,5,3,,3,Ik_blijf_meestal_ingelogd_tijden,30_tot_60_minuten,Ja,Alleen_noodzakelijke_cookies,72,,,554s,Mobile Phone,Chrome Mobile 0.0.0,Android,
67,2024-10-26 15:09:32,3,3,3,3,3,,Het volgrn van berichten die je aanklikt en op basis daarvan een pgofiel maken voor persoonlijke berichten,2,2,4,1,2,Zou ik niet weten,1,1,2,5,1,Als ik merk dat de persoonlijke berichren mij niet bevallen,3,3,4,1,3,2,Nvt,3,Ik_log_nooit_in_op_NU_nl,15_tot_30_minuten,Weet_ik_niet,,72,,,464s,Mobile Phone,Chrome Mobile 0.0.0,Android,
68,2024-10-26 15:08:47,1,2,2,1,2,Ik heb behalve sport een nogal brede interesse en ik kijk eigenlijk alleen bij de categorieën algemeen en net binnen...,Dat wanneer ik bijna alleen sportnieuws lees ik ook bij de aanbevelingen voornamelijk aan sport gerelateerd nieuws aanbevolen krijg...,1,5,1,4,5,Geen idee.,2,5,2,1,4,Geen idee maar ik ook graag dingen buiten mijn bubbel lezen...,3,2,2,5,4,4,Niet. Ik heb liever gewoon een lijst met al het nieuws en dat ik zelf bepaal wat ik wel of niet interessant vind...,2,Ik_ben_altijd_ingelogd,Meer_dan_60_minuten,Weet_ik_niet,,55,,,335s,Mobile Phone,Chrome Mobile 0.0.0,Android,
69,2024-10-26 14:58:28,4,4,5,4,3,Groot nieuws/impact hebbend,Ja aangeklikt blijft terugkomen maar per ongeluk aangeklikt ook,3,2,4,4,5,Terugkomst,5,5,5,1,5,Persoonlijke omstandigheden zoals verlies ziekte,3,2,2,1,4,4,Per ongeluk of vw bijv spelen sport items,2,Ik_log_alleen_in_wanneer_het_nod,15_tot_30_minuten,Ja,Alleen_noodzakelijke_cookies,75,,,484s,Mobile Phone,Safari 17.6.0,iOS,
70,2024-10-26 14:50:34,2,3,3,2,1,Vanwege hun politieke voorkeur,Ik zie artikelen die zijn geselecteerd met een headline vanuit een belaslde politieke voorkeur om mensen in die richting te duwen. Dat is best tenenkrommend jammer.,2,1,1,1,2,Ook algoritmes kun je sturen. Zo zal een liberale nieuwssite meer liberale algoritmes gebruiken v,2,2,2,4,3,Voor het algemeen is het goed dat mensen tegengeluiden horen. Eenzijdige informatie dien,2,5,5,2,1,1,Ik zocht en zoek altijd tegengeluiden op. Dus als ik alleen mijn eigen geluid voorgeschoteld zou krijgen zou het saai wieden en slechts tot bevestiging leiden.,2,Ik_ben_altijd_ingelogd,5_tot_15_minuten,Nee,,60,,,821s,Mobile Phone,Chrome Mobile 0.0.0,Android,
71,2024-10-26 14:12:35,1,1,2,2,2,weet niet,neen,1,1,1,5,5,weet niet,5,5,5,5,5,,1,1,1,1,1,1,,3,Ik_log_alleen_in_wanneer_het_nod,15_tot_30_minuten,Weet_ik_niet,,79,,,181s,Desktop,Firefox 131.0.0,Win10,
72,2024-10-26 13:09:31,1,1,2,5,1,,,1,5,1,5,5,,5,5,3,3,4,,1,1,1,1,5,5,,3,Ik_ben_altijd_ingelogd,30_tot_60_minuten,Weet_ik_niet,,69,,,252s,Mobile Phone,Chrome Mobile 0.0.0,Android,
73,2024-10-26 13:02:52,5,5,5,5,5,Het wordt gebruikt om mijn lees gedrag te opserveren,Men kijk waar naar jouw lees belangstelling naar uit gaat zie je vaak ook op You Tube,5,5,5,5,5,Algoritme aap na wat men heeft gelezen terwijl de redactie nieuwe artikelen plaats,1,5,1,1,1,Als er te veel van een bepaalsoort artikel wordt geplaats of herhaalt door Algoritme,5,1,1,5,5,5,Ik vind het niet belangrijk want men krijg te veel van een bepaalt soort artikelen,4,Ik_log_nooit_in_op_NU_nl,Minder_dan_5_minuten,Ja,Alleen_noodzakelijke_cookies,67,,,527s,Desktop,Chrome 0.0.0,Win10,
74,2024-10-26 12:47:14,1,1,1,1,1,,Ik weet het niet.,1,1,1,4,4,Ik weet het niet.,1,4,1,4,5,Ik weet het niet.,1,1,1,1,5,5,Ik weet het niet.,5,Ik_blijf_meestal_ingelogd_tijden,30_tot_60_minuten,Ja,Alle_cookies_inclusief_marketing,83,,,621s,Desktop,Chrome 0.0.0,Win10,
75,2024-10-26 12:44:56,1,3,4,4,4,Verfijning van de voorselectie gebaseerd op eigen gedrag.,Tracken van click gedrag.,2,3,2,4,5,Geen idee,4,5,3,2,3,Privacy,4,3,3,1,5,5,Nee,3,Ik_log_alleen_in_wanneer_het_nod,30_tot_60_minuten,Ja,Cookies_voor_personalisatie_van_,65,,,526s,Mobile Phone,Chrome Mobile 0.0.0,Android,
76,2024-10-26 12:42:14,2,2,3,3,2,Ik denk de volgorde van artikelen op de site,Het zal registreren waar ik langer naar kijk. En die rubriek meer aanbieden,2,2,3,2,4,Blijft gissen,2,4,3,3,3,Ik wil ook graag verrast worden. Ook een beetje out of the box,3,3,2,4,3,3,,4,Ik_blijf_meestal_ingelogd_tijden,15_tot_30_minuten,Ja,Alle_cookies_inclusief_marketing,,,,347s,Mobile Phone,Chrome Mobile 0.0.0,Android,
77,2024-10-26 12:41:28,2,2,2,1,3,Geen idee,"Geen idee, nieuws is toch nieuws? Ik wil alles lezen, niet wat jullie voor mij bepalen...",1,5,1,5,5,Geen idee,3,5,1,1,3,Omdat je niet selectief om zou moeten kunnen gaan met nieuwsn,3,3,3,5,4,4,,2,Ik_ben_altijd_ingelogd,30_tot_60_minuten,Nee,,45,,,256s,Mobile Phone,Chrome Mobile 0.0.0,Android,
78,2024-10-26 12:19:22,2,3,4,2,2,,,1,2,1,4,4,,5,2,4,5,5,,3,3,4,3,3,3,,3,Ik_ben_altijd_ingelogd,15_tot_30_minuten,Ja,Alle_cookies_inclusief_marketing,59,,,185s,Mobile Phone,Chrome Mobile 0.0.0,Android,
79,2024-10-26 11:49:41,1,1,1,1,1,Overal behalve voor het nieuwste nieuws,"Ze zullen kenmerken van artikelen vastleggen en bepalen welke artikelen met welke kenmerken ik vaak lees. Het werkt nog niet goed, want ik lees nooit sport en scroll er snel langs, maar er staan nog elke dag sportartikelen bovenaan in mijn feed.",1,1,3,5,1,Geen idee,5,5,5,1,5,"Als ik alleen nog maar dezelfde nieuwsartikelen krijg. Is nieuws overigens niet gewoon nieuws, ongeacht mijn voorkeuren? Ook al ben ik ergens niet in geïnteresseerd, kan het nog steeds voorkomen dat nieuws over dat onderwerp ineens wel van belang is.",5,1,1,5,5,5,Nee,3,Ik_ben_altijd_ingelogd,30_tot_60_minuten,Ja,Alle_cookies_inclusief_marketing,50,,,392s,Mobile Phone,Chrome Mobile 0.0.0,Android,
80,2024-10-26 11:48:55,1,1,2,3,3,,,1,3,1,3,4,,4,4,4,1,3,,4,4,4,3,3,2,,4,Ik_blijf_meestal_ingelogd_tijden,15_tot_30_minuten,Weet_ik_niet,,,,,267s,Desktop,Chrome 0.0.0,Win10,
81,2024-10-26 11:47:47,3,5,2,1,1,,,2,3,5,2,3,,1,5,1,3,3,,1,3,3,4,1,1,,3,Ik_blijf_meestal_ingelogd_tijden,15_tot_30_minuten,Weet_ik_niet,,67,,,247s,Mobile Phone,Chrome Mobile 0.0.0,Android,
82,2024-10-26 11:42:35,3,2,4,2,3,,,2,5,2,3,5,,5,5,5,1,5,,3,3,3,5,5,5,,4,Ik_ben_altijd_ingelogd,15_tot_30_minuten,Ja,Alle_cookies_inclusief_marketing,,,,167s,Mobile Phone,Chrome 0.0.0,Android,
83,2024-10-26 11:30:13,2,3,4,3,4,,,3,3,2,3,3,,3,4,4,3,3,,4,3,3,5,4,3,,4,Ik_log_alleen_in_wanneer_het_nod,15_tot_30_minuten,Ja,Alle_cookies_inclusief_marketing,,,,214s,Mobile Phone,Chrome Mobile 0.0.0,Android,
84,2024-10-26 11:27:34,1,1,1,1,1,Ik zou het echt niet weten..,Ik zou het echt niet weten..,1,1,1,5,5,Ik zou het echt niet weten..,3,3,3,3,3,"Ik heb geen kennis ober dit soort zaken, ik ben geen digibeet, maar ik heb van dit onderwerp geen of bijna geen kennis... Eigenlijk zoek ik gewoon open en eerlijk nieuws en hoewel mij sommige onderwerpen meer boeien als anderen, komen bij nieuwsitems die mij niet boeien toch onderwerpen voorbij welke ik toch wel eens wil lezen... Eigenlijk lees ik het liefst open en eerlijk nieuws, maar zover is de mensheid in Nederland nog niet.",3,3,3,5,4,3,Ik zou het echt niet weten..,1,Ik_ben_altijd_ingelogd,15_tot_30_minuten,Weet_ik_niet,,53 jaar,,,857s,Desktop,Chrome 0.0.0,Win10,
85,2024-10-26 11:26:04,3,3,4,4,1,"Om de meest relevante adv te tonen, hoewel ik dit verfoei..",Slecht,3,1,5,5,5,,5,5,5,1,1,,3,3,4,3,1,1,"Dit interesseert me weinig, het gaat mij om het relevante nieuws, liefst wat rechtser nieuws, ik ben alle linkse propaganda beu.",1,Ik_log_nooit_in_op_NU_nl,5_tot_15_minuten,Nee,,65,,,492s,Desktop,Safari 16.0.0,MacOSX,
86,2024-10-26 11:02:40,2,2,4,3,4,door het aanklikken en lezen van nieuws,computer onthoud welke nieuws(sites) jij klikt en leest,4,4,4,5,5,"niet bekend, staat waarschijnlijk bovenaan",4,3,3,4,2,not,3,3,2,4,4,4,niet van toepassing,3,Ik_blijf_meestal_ingelogd_tijden,5_tot_15_minuten,Ja,Alle_cookies_inclusief_marketing,64,,,293s,Desktop,Safari 17.6.0,MacOSX,
87,2024-10-26 10:52:09,3,3,3,3,3,zo denk ik helemaal niet,,3,3,3,3,4,,4,3,4,3,4,,2,2,2,5,3,3,,3,Ik_ben_altijd_ingelogd,15_tot_30_minuten,Ja,Alle_cookies_inclusief_marketing,60,,,226s,Desktop,Chrome 0.0.0,Win10,
88,2024-10-26 10:40:45,3,4,2,3,2,Reclame,Er wordt gekeken naar je zoekgeschiedenis en waar je op klikt,4,3,2,4,5,Geen idee,1,2,4,1,5,"Ik wil graag alle informatie ontvangen, ipv een geringe informatie",2,1,2,5,5,5,Geen voorbeeld.,3,Ik_blijf_meestal_ingelogd_tijden,30_tot_60_minuten,Ja,Alle_cookies_inclusief_marketing,34,,,223s,Mobile Phone,Safari 17.6.0,iOS,
89,2024-10-26 10:15:45,2,2,4,3,3,Welk item bovenaan staat.,Gebaseerd op thema waar ik eerder naar keek.,1,4,2,4,5,Geen idee,4,5,5,2,5,"Als de personalisatie fout is, of doorschiet gebaseerd op het openen van enkele artikelen waar ik normaal niet in geïnteresseerd ben",2,2,1,5,4,4,"Personalisatie kan nuttig zijn als voorfilter, maar moet een hulpmiddel aan de zijlijn zijn en niet de hele nieuwsfeed gaan bepalen.",4,Ik_ben_altijd_ingelogd,15_tot_30_minuten,Ja,Cookies_voor_personalisatie_van_,Mid life crisis waardig,,,450s,Mobile Phone,Chrome Mobile 0.0.0,Android,
90,2024-10-26 10:02:34,5,5,5,1,1,Bij alles,"Je krijgt alleen nog maar je interesse voorgeschoteld, waardoor je een lekker eenzijdige kijk overhoud.",3,1,5,1,1,niet te herkennen,1,5,1,1,1,"Altijd. Hoezo waarom? Mijn voorkeur is van mij en van jullie. Het gaat jullie niks aan en zeker niet als het dan gata om advertentie verkoop of het wel of niet laten zien van items.  Kortom, GEEN PERSONALISATIE !!!! STOP DAARMEE IN ZIJN GEHEEL!!!",1,1,1,1,5,5,NIET BELANGRIJK.   DAT DOE IK ZELF WEL.,2,Ik_log_nooit_in_op_NU_nl,5_tot_15_minuten,Nee,,57,,,482s,Desktop,Firefox 131.0.0,MacOSX,
91,2024-10-26 09:58:27,1,4,4,3,2,Nu voor jou,"Klik- en reageergedrag, en tijdsduur voordat naar een ander artikel wordt gescrolld.",3,5,2,5,5,,3,5,4,1,5,,5,2,3,4,3,3,,2,Ik_ben_altijd_ingelogd,30_tot_60_minuten,Ja,Alleen_noodzakelijke_cookies,,,,316s,Desktop,Safari 16.5.0,MacOSX,
92,2024-10-26 09:55:09,2,2,5,4,3,Onder de hoofdartikelen op de homepage,Voorkeuren opslaan door te kijken naar bezochte artikelen en pagina's en mogelijk ook de tijd besteed op een pagina,3,4,4,3,5,Schrijfstijl gebruikte woorden,5,5,5,1,5,Omdat die mogelijk er altijd moet zijn ongeacht waarom. Maar bijvoorbeeld bij verkiezingen om zelf te bepalen wat je leest.,4,4,4,3,4,3,,3,Ik_log_alleen_in_wanneer_het_nod,5_tot_15_minuten,Weet_ik_niet,,50,,,473s,Mobile Phone,Chrome Mobile 0.0.0,Android,
93,2024-10-26 09:20:22,4,4,4,3,2,,,2,5,3,4,5,,5,5,3,2,5,,3,3,4,4,5,2,,3,Ik_ben_altijd_ingelogd,15_tot_30_minuten,Nee,,55,,,290s,Mobile Phone,Chrome Mobile 0.0.0,Android,
94,2024-10-26 09:11:50,1,1,5,1,1,Geen idee,Gemeten wordt welke nieuwitems worden aangeklikt en hoelang en waarop ik reageer,1,1,3,1,3,Geen idee,5,5,5,3,3,Indien we een totalitair bewind zouden krijgen,3,3,3,3,5,3,nee,3,Ik_blijf_meestal_ingelogd_tijden,30_tot_60_minuten,Ja,Alleen_noodzakelijke_cookies,63,,,258s,Desktop,Chrome 0.0.0,Win10,
95,2024-10-26 09:03:52,2,2,3,2,1,,"Ik heb w.o. A&O psychologie gestudeerd met een 10 op SPSS en 8-en op onderzoeksmethodologie en ik heb bijna een propedeuse informatica, maar: ik heb geen flauw benul hoe die personalisatie werkt!",1,5,1,5,5,Er ontbreekt een -t- voor het vraagteken maar ik snap de vraag and i haven’t got the foggiest,3,5,4,1,3,Ik lees nogal eens artikelen over zeer lang ten onrechte veroordeelden (voor ernstige delicten) maar wil dan niet “alles” over moord en doodslag lezen,2,1,1,2,4,3,Incidenteel (zelfs via randomisatie) vind ik prima,2,Ik_log_nooit_in_op_NU_nl,5_tot_15_minuten,Weet_ik_niet,,64,,,1025s,Mobile Phone,Safari 15.6.6,iOS,
96,2024-10-26 09:03:25,2,1,1,3,1,"heb geen idee, ik vind het gebruik er van niet in orde. Als ik normale krant lees, is dat exemplaar ook niet gepersonaliseerd. Door het gebruik hier op de site, wordt ik naar een bepaalde hoek gedreven. Waardeloos dus.",nee,1,5,1,5,5,geen idee,4,5,4,1,1,"In alle situaties, ik een eigen keuze hebben om nieuws e d te volgen. Dat moet geen computer doen voor me.",1,1,1,5,3,5,Totaal onbelangrijk. Ik wil volledige toegang krijgen de belangrijkste taak van Nu.nl,3,Ik_ben_altijd_ingelogd,30_tot_60_minuten,Nee,,73,,,537s,Desktop,Firefox 127.0.0,Win10,
97,2024-10-26 09:02:57,2,1,3,4,3,Voorkeur voor bepaald nieuws,"Er wordt bepaald wat je interessant vindt, op basis daarvan worden volgende nieuwsberichten al of niet aan je gemeld",3,2,1,1,1,Op basis van je voorkeur,4,5,1,3,3,Als ik het vermoeden heb eenzijdig te worden geïnformeerd,3,2,2,5,5,5,Ik vind het niet zo fijn. Ben bang dat ik eenzijdig geïnformeerd wordt en dat wil ik niet,3,Ik_blijf_meestal_ingelogd_tijden,15_tot_30_minuten,Ja,Alle_cookies_inclusief_marketing,67,,,402s,Mobile Phone,Chrome Mobile 0.0.0,Android,
98,2024-10-26 09:00:18,1,1,3,3,2,,,3,5,2,5,5,,4,5,3,1,3,,3,3,3,5,5,3,,4,Ik_ben_altijd_ingelogd,15_tot_30_minuten,Nee,,,,,198s,Desktop,Chrome 0.0.0,Win10,
99,2024-10-26 08:55:07,4,4,4,4,4,Bij nieuws en spellen,Bepaalde woorden in je kijkgedrag worden gebruikt bij algoritme,3,5,3,5,5,Dat weet ik niet,4,4,5,1,4,Bij heftige onderwerpen en wanneer ik dingen te zien krijg die ik niet wil zien,3,1,1,3,5,5,Meestal zoek ik zelf naar nieuws,4,Ik_ben_altijd_ingelogd,30_tot_60_minuten,Ja,Alle_cookies_inclusief_marketing,67,,,291s,Mobile Phone,Chrome Mobile 0.0.0,Android,
100,2024-10-26 08:43:41,1,1,4,3,3,Eerlijk gezegd wil ik gewoon het nieuws lezen zoals het is en vooral niet in een bubble terechtkomen.,Nog niet gemerkt maar ik zal er op gaan letten.,1,5,1,4,4,Op dit moment lees ik zeker vier verschillende sites en ieder heeft zijn eigen insteek over wat belangrijk is.,3,5,2,3,3,Zodra de website niet gebalanceerd nieuws aanbied.,3,2,2,5,5,5,"Voetbal interreseerd mij niet, misschien heeft het algoritme dat al opgemerkt.",4,Ik_blijf_meestal_ingelogd_tijden,15_tot_30_minuten,Nee,,,,,764s,Mobile Phone,Chrome Mobile 0.0.0,Android,
101,2024-10-26 08:30:04,2,3,3,3,4,Voornamelijk bij advertenties,Berichten en advertenties afstemmen op profiel en eerder gedrag op website en andere sites,3,3,2,4,5,Voor jou geselecteerd,5,4,3,2,4,Bij het gevoel in een eigen bubbel te zitten.,4,3,3,5,4,4,,4,Ik_ben_altijd_ingelogd,15_tot_30_minuten,Nee,,64,,,432s,Mobile Phone,Chrome Mobile 0.0.0,Android,
102,2024-10-26 08:26:36,3,3,4,5,3,,,2,5,2,5,5,,5,5,5,1,5,,3,3,3,4,1,3,,5,Ik_ben_altijd_ingelogd,15_tot_30_minuten,Weet_ik_niet,,67,,,217s,Mobile Phone,Safari 16.6.0,iOS,
103,2024-10-26 08:23:32,1,1,1,1,1,als ik aangeef akoord te gaan met het gebruik van cookies,"het akkoord gaan met het gebruik van cookies leidt er toe dat elk artikel dat ik aanklik word beschouwd als 'ah, dat heeft de interesse van deze lezer' en dus reageert het algoritme daarop door meer artikelen waarvan het vindt dat dat ook aan het bijbehorende algoritme voldoet. Je krijgt als lezer dan dus een zeer beperkte kokervisie op de wereld, omdat je ook geen andere artikelen aangeboden krijgt, omdat het algoritme ervanuit gaat dat dat niet de interesse heeft.",1,1,1,4,4,"als er onderaan staat 'met AI geschreven'. Daarnaast maken ""journalisten"" meer spel- en tikfouten, het kennelijke algoritme danwel AI maakt grammaticale fouten. En is er geen sprake van diepgang in AI.",1,5,3,3,5,"als er veel gebeurd in de wereld, wat nu het geval is. Nu.nl maakt veel teveel gebruik van twitter/X en is daarom beslist niet objectief te noemen, dan wil ik meerdere soorten artikelen kunnen lezen om de juistheid van alles te verifieren. Dan helpt personalisatie niet, want dan krijg ik alleen te zien wat het algoritme voor mij denkt dat ik leuk vind. Dat doet mijn echtgenoot beter en met hem ben ik het ook zelden eens.",1,1,1,5,5,5,"niet. Het nieuws moet voor iedereen toegankelijk zijn, sowieso. Nu.nl is een van de weinige gratis kranten online, met een groot publiek. Daarom vind ik het ook zo schandelijk dat er nog steeds met X/twitter wordt samengewerkt, terwijl Elon Musk al duidelijk heeft laten weten pro Trump te zijn. Ik heb in al die maanden van de verkiezingen alleen maar negatief over Harris gelezen. Er wordt ook nauwelijks bericht over de Russische bots die het overnemen. Objectief kan ik nu.nl niet noemen. Ga eens op Threads ofzo?! Of TikTok of wat dan ook. Doe niet zo PVV-erig",3,Ik_log_nooit_in_op_NU_nl,Meer_dan_60_minuten,Nee,,,,,851s,Desktop,Firefox 131.0.0,Win10,
104,2024-10-26 08:20:32,1,1,1,1,3,Geen idee,"Dat wat je vaker bekijkt, bv nieuws over trump, dat je dat vaker voor gespeeld krijgt.  Zou ik erg slecht vinden als dat zo is!",1,5,1,5,5,Geen idee,3,5,3,1,1,Altijd! Ik wil al het nieuws zien en zélf beslissen wat ik kijk,1,1,4,5,4,1,"Toen ik er eens achterkwam dat er veel meer nieuws is op jullie site dan ik zie,  was ik behoorlijk pist offa",2,Ik_log_nooit_in_op_NU_nl,Meer_dan_60_minuten,Nee,,58,,,485s,Mobile Phone,Chrome Mobile 0.0.0,Android,
105,2024-10-26 08:19:04,3,3,4,4,4,Graag een beetje terughoudend,GGD,2,3,2,3,4,Welk nieuws ik voorgeschoteld krijg.,4,3,4,1,4,Bij sportnieuws graag niet,3,3,4,2,3,2,Toch graag een beetje zelfinvloed,4,Ik_log_alleen_in_wanneer_het_nod,5_tot_15_minuten,Ja,Alleen_noodzakelijke_cookies,79,,,315s,Mobile Phone,Chrome Mobile 0.0.0,Android,
106,2024-10-26 08:01:03,2,2,4,1,2,Geen idee,Ik vind niet dat hier algoritme gebruikt zou moeten worden. Hooguit voor de spellen die op nu.nl zijn te vinden,2,3,2,5,4,Ja hoe kun je dat herkennen?,2,1,2,1,3,Hoge nieuwswaarde,2,2,4,4,4,4,Geen voorbeeld,4,Ik_ben_altijd_ingelogd,30_tot_60_minuten,Ja,Alle_cookies_inclusief_marketing,...,,,384s,Mobile Phone,Chrome Mobile 0.0.0,Android,
107,2024-10-26 07:59:07,5,5,5,5,3,Bij berichten over de oorlog in Gaza. Wanneer het gaat om kritiek leveren over het mogelijke genocide begaan door Israël. Bij berichtgevingen over de oorlog in Rusland/Oekraïne.,Gericht uitgenodigd worden voor enquêtes op site; pop ups met enquête verzoeken; dubbele maatsstaf hanteren inzake reactiemogelijkheid waarmee de organisatie bewust ervoor kiest om de atrociteit van de één te bedekken. En voor de ander alle parameters van belang volledig open te zetten.,1,1,3,3,5,Nvt,5,5,5,1,5,Nvt,1,1,1,5,5,5,Nvt,3,Ik_log_alleen_in_wanneer_het_nod,Meer_dan_60_minuten,Nee,,Nvt,,,1046s,Mobile Phone,Chrome Mobile 0.0.0,Android,
108,2024-10-26 07:52:56,1,1,3,1,1,Geen idee,Geen idee,1,1,1,5,5,,5,3,5,1,5,,1,1,1,4,5,5,,4,Ik_ben_altijd_ingelogd,30_tot_60_minuten,Ja,Alleen_noodzakelijke_cookies,60,,,238s,Mobile Phone,Chrome Mobile 0.0.0,Android,
109,2024-10-26 07:30:21,3,1,1,3,2,,Algoritme is gevaarlijk en drukt mensen in een richting. Niet doen dusberichten en reclame,1,5,1,5,1,Niet goed,5,5,5,1,5,Ik wil breed geïnformeerd blijven.,2,1,1,5,5,5,Ik wil zelf kunnen kiezen. Dit kan al heel snel op basis van de titel van het bericht. Zo weet je in de breedte ook beter wat er speelt.,2,Ik_ben_altijd_ingelogd,15_tot_30_minuten,Ja,Alle_cookies_inclusief_marketing,52,,,386s,Mobile Phone,Chrome Mobile 0.0.0,Android,
110,2024-10-26 07:22:46,1,1,3,2,1,,,2,1,1,1,1,,5,3,3,4,4,,1,5,5,4,4,3,,3,Ik_blijf_meestal_ingelogd_tijden,5_tot_15_minuten,Ja,Alle_cookies_inclusief_marketing,,,,146s,Mobile Phone,Chrome Mobile 0.0.0,Android,
111,2024-10-26 07:17:33,2,2,2,1,1,Ik was me sowieso nog niet van bewust dat NU.NL algoritmes gebruikt.,"Ik neem aan doordat nu.nl weet welke sites in nu.nl of ad.nl ik aanklik, en waar min of meer mijn voorkeur ligt. Artikelen kunnen hierop afgestemd worden. Ik zou die dan in de sections Nu.jij en Nu voor jou verwachten en verder nergens anders.",1,4,2,4,3,Ik zou zeggen dat je dit aan het onderwerp kunt zien (met name heel actuele onderwerpen) en de schrijfstijl. Ik realiseer me dat dit met inzet van AI steeds moeilijker te bepalen is.,1,3,1,4,2,In principe zou ik personalisatie uitschakelen omdat ik graag breed geïnformeerd wil worden of blijven. Ik lees dus soms ook artikelen die ik met personalisatie misschien niet te zien zou krijgen.,2,1,1,4,5,5,"Ik vind personalisatie bij nu.nl juist niet belangrijk. Er zijn genoeg sites, zoals fd.nl waar personalisatie feitelijk is inbegrepen. Je zou kunnen zeggen dan nu.nl ook een soort startpagina voor me is waarin ik alle nieuws te zien krijg, inclusief human interest.",4,Ik_blijf_meestal_ingelogd_tijden,30_tot_60_minuten,Ja,Alle_cookies_inclusief_marketing,58,,,1325s,Desktop,Chrome 0.0.0,Win10,
112,2024-10-26 07:08:17,1,1,1,1,1,Geen idee,Nee maar denk dat het voornanrlijk is op basis van clicks op onderwerpen,2,5,1,5,5,Geen idee,5,5,5,1,5,Objectieve nieuwsgaring,1,1,1,5,5,5,Nee,3,Ik_log_alleen_in_wanneer_het_nod,30_tot_60_minuten,Weet_ik_niet,,67,,,313s,Mobile Phone,Chrome Mobile 0.0.0,Android,
113,2024-10-26 07:07:21,1,1,1,3,3,Geen idee,"Nee, maar ik ben er tegen omdat ik dan bepaald nieuws kan missen",1,1,1,5,5,Geen idee,1,5,1,1,1,"Alle situaties, ik wil algemeen op de hoogte blijven en niet in een bubbel geduwd worden",1,1,1,5,5,5,Nee,3,Ik_ben_altijd_ingelogd,15_tot_30_minuten,Weet_ik_niet,,32,,,276s,Tablet,Chrome 0.0.0,Android,
114,2024-10-26 06:59:42,3,3,4,5,4,selecteren welke nieuws items wel/niet getoond worden aan mij,"Actueel nieuws geeft vooral onderwerpen die ik interessant vindt: politiek, economie en nog zo een paar. Dus geen glitter en glammer, geen gejammer over Joost Klein. Ik maak het scherm meestal zo klein dat ik weinig tot geen reclame zie",2,4,2,5,5,"""de inhoud van dit artikel hebben wij niet kunnen controleren"".",4,5,5,1,4,Als er teveel reclames = nieuws aangeboden door een daarvoor beta;lend bedrijf zijn.,3,2,2,4,5,5,"Ik zie/lees weinig over opgeblazen mensen (Derksen, Klein, influencers) en dat bevalt mij goed.",2,Ik_blijf_meestal_ingelogd_tijden,15_tot_30_minuten,Nee,,67,,,856s,Desktop,Chrome 0.0.0,Win10,
115,2024-10-26 06:59:04,1,1,5,5,5,Geen idee,Nee,4,1,1,1,5,Kan ik niet,5,5,5,5,5,Geen enkele,5,1,5,5,5,5,Onbelangrijk,3,Ik_log_alleen_in_wanneer_het_nod,5_tot_15_minuten,Weet_ik_niet,,77,,,397s,Mobile Phone,Chrome Mobile 0.0.0,Android,
116,2024-10-26 06:58:15,4,3,3,2,3,Voor jou,,2,2,2,4,5,,2,5,4,1,5,"Nieuws, ik eil weten wat er gebeurt in de wereld onafhankelijk van persoonlijke interesse",1,1,1,5,5,5,,2,Ik_ben_altijd_ingelogd,15_tot_30_minuten,Ja,Alle_cookies_inclusief_marketing,54,,,309s,Mobile Phone,Chrome Mobile 0.0.0,Android,
117,2024-10-26 06:54:03,1,1,1,2,2,Waarschijnlijk bij reclames maar ik heb niet het idee dat ze werken want ze lijken random,Ik zie niet iets gepersonaliseerd voor mjj,1,5,1,5,5,"Ik heb geen idee, als er een algoritme zou zijn dan is ie heel slecht. Want ik lees minder dan de helft.",1,5,3,2,2,Als het nu zou aanstaan werkt het niet. Er zijn te veel artikels die ik niet lees of alleen de hoofdtitel.,1,3,4,3,4,4,Nee ik heb echt het idee dat nieuws niet opmij is afgestemd,1,Ik_ben_altijd_ingelogd,30_tot_60_minuten,Nee,,46,,,1170s,Mobile Phone,Samsung Browser 26.0.0,Android,
118,2024-10-26 06:50:37,3,3,4,4,3,Het tonen van nieuws,Artikelen zijn ingedeeld in verschillende thema's en als ik iets veel lees van een bepaalde thema dan kan het zijn van hé dat onderwerp vind ie interressant,3,1,2,3,2,Dat is een goeie vraag ik zou het niet weten,5,4,5,1,5,Voor onderwerpen die als intiem kan worden beschouwd zoals bv seksualiteit,2,1,1,5,5,3,Nee,3,Ik_ben_altijd_ingelogd,5_tot_15_minuten,Ja,Cookies_voor_personalisatie_van_,23,,,347s,Mobile Phone,Chrome Mobile 0.0.0,Android,
119,2024-10-26 06:50:33,1,2,2,2,2,"Geen concreet idee, waarschijnlijk op meer plekken dan het lijkt",Berichten worden ingedeeld in categorieën; aan mijn ip adres hangt een lijst met categorieën waar ik het meestal eerst en/of het langst naar kijk.,4,2,3,5,5,Kan ik niet herkennen,5,5,5,5,5,Nooit,2,1,1,5,5,3,Niet belangrijk,2,Ik_log_alleen_in_wanneer_het_nod,15_tot_30_minuten,Nee,,74,,,454s,Mobile Phone,Safari 17.7.0,iOS,
120,2024-10-26 06:48:13,5,5,5,1,1,"Uitfilteren van ongewenste uitspraken, vaak politiek georiënteerd",Ik merk persoonlijk dat politiek getinte en gevoelige reacties niet geplaatst worden. Hierbij wordt het linkse gedachtengoed mi voorgetrokken in de discussies.,5,3,5,3,3,Bepaalde woorden die mi niet kwetsend zijn worden bewust uitgefilterd waardoor mijn artikel niet geplaatst wordt. Dit is geen onafhankelijke nieuwssite meer op deze wijze.,5,1,5,1,5,,5,1,1,5,5,5,,3,Ik_ben_altijd_ingelogd,Meer_dan_60_minuten,Ja,Alleen_noodzakelijke_cookies,60,,,424s,Mobile Phone,Chrome Mobile 0.0.0,Android,
121,2024-10-26 06:42:27,3,2,4,3,3,Weet ik niet.,"Thema's/onderwerpen, reacties, de duur van het openstaan van de pagina, de links waarop verder geklikt wordt, de scrollpatronen en meer",1,5,1,5,5,Dat weet ik niet.,3,5,3,2,3,"Verkiezingsperioden, om objectief en breed geinformeerd te worden.",3,3,3,4,3,2,"Niet erg belangrijk. Nieuws is breed, en ik kan niet op voorhand zeggen welk nieuws ik interessant vind zonder het te kennen.",2,Ik_blijf_meestal_ingelogd_tijden,Minder_dan_5_minuten,Ja,Alleen_noodzakelijke_cookies,54,,,660s,Mobile Phone,Chrome Mobile 0.0.0,Android,
122,2024-10-26 06:40:04,1,1,1,1,1,Geen idee,Neen,1,1,1,5,5,Geen idee,5,3,1,5,3,Weet ik nu nog niet,1,1,1,5,5,5,Neen,3,Ik_log_nooit_in_op_NU_nl,5_tot_15_minuten,Ja,Alleen_noodzakelijke_cookies,71,,,292s,Desktop,Safari 17.6.0,MacOSX,
123,2024-10-26 06:18:36,2,2,2,2,3,Interesses en voorkeuren?,Ik heb eerlijk gezegd geen idee,1,4,1,4,4,Geen idee,5,5,5,3,4,Als ik de indruk heb eenzijdig voorgelicht te worden,3,1,1,5,5,5,Niet belangrijk; ik wil graag objectief en breed voorgelicht,4,Ik_ben_altijd_ingelogd,15_tot_30_minuten,Weet_ik_niet,,76,,,309s,Mobile Phone,Chrome Mobile 0.0.0,Android,
124,2024-10-26 05:45:24,1,4,4,1,1,Advertenties,Gebruik van cookies om advertenties te personaliseren. Heb nog nooit gemerkt dat nieuws items specifiek voor mij zijn. Huisgenoten krijgen precies dezelfde. Vlgs mij,1,1,1,5,5,Niet,1,5,5,5,1,Nieuws is nieuws. Ik bepaal vervolgens zelf wel of ik het lees. Dus toon me alles.,1,1,5,5,4,4,Nee...dit onderwerp houdt me sowieso totaal niet bezig. Niet van bewust.,2,Ik_blijf_meestal_ingelogd_tijden,30_tot_60_minuten,Weet_ik_niet,,50,,,672s,Mobile Phone,Chrome Mobile 0.0.0,Android,
125,2024-10-26 04:22:42,1,1,1,1,1,,,1,1,1,5,5,Ik ben mij niet bewust van het gebruik van algoritmes door Nu.nl om artikelen aan mij aan te bevelen.,5,5,3,4,5,Als ik mij eigen invloed op de content die ik zie wil uitschakelen.,4,3,3,2,5,5,Belangrijk. Geen voorbeeld.,5,Ik_blijf_meestal_ingelogd_tijden,30_tot_60_minuten,Ja,Alle_cookies_inclusief_marketing,61,,,476s,Mobile Phone,Samsung Browser 26.0.0,Android,
126,2024-10-26 03:06:56,2,2,4,3,3,Geen idee,Aan de hand van het soort nieuws dat ik lees,1,1,2,2,2,Geen idee,4,3,4,3,4,Als ik steeds artikelen krijg die mijn niet interesseren,4,4,4,3,1,3,Ik vind het alleen makkelijk. Indien het goed werkt,3,Ik_log_alleen_in_wanneer_het_nod,5_tot_15_minuten,Ja,Alleen_noodzakelijke_cookies,,,,375s,Mobile Phone,Chrome Mobile 0.0.0,Android,
127,2024-10-26 02:27:20,3,1,1,1,1,"Geen idee, lees het nu pas. Mooi balen.",Nee,1,5,1,5,5,Geen idee,1,5,1,1,1,Altijd. Ik wil controle over wat ik lees.,1,1,1,5,5,5,,3,Ik_blijf_meestal_ingelogd_tijden,5_tot_15_minuten,Weet_ik_niet,,,,,199s,Tablet,Chrome Mobile iOS 0.0.0,iOS,
128,2024-10-26 01:47:03,2,2,1,3,1,Wat je geregeld wil lezen,Te vaak hetzelfde,2,4,3,4,5,Geregeld hetzelfde terug komt,5,5,3,1,5,Mijn keuze,2,1,1,1,3,2,,2,Ik_ben_altijd_ingelogd,5_tot_15_minuten,Ja,Alleen_noodzakelijke_cookies,59,,,433s,Mobile Phone,Chrome Mobile 0.0.0,Android,
129,2024-10-26 01:01:53,1,1,5,3,3,Geen idee,Geen idee,1,3,1,1,1,Geen idee,1,1,1,5,1,Als er te weinig variatie zit in het aanbod,1,1,5,1,5,5,,3,Ik_ben_altijd_ingelogd,15_tot_30_minuten,Ja,Alle_cookies_inclusief_marketing,71,,,446s,Tablet,Chrome 0.0.0,Android,
130,2024-10-26 00:19:52,1,1,3,1,1,weet het niet,nee,1,1,1,1,1,Ik wil helemaal geen aanbevelingen (links bij Nu.nl??) wil alle artikelen zelf kunnen kiezen ook al is het niet veel soeps.,1,5,5,1,1,waar gaat dit naar toe??!!,1,1,1,5,5,5,,2,Ik_blijf_meestal_ingelogd_tijden,Meer_dan_60_minuten,Ja,Alle_cookies_inclusief_marketing,Ik moet HELAAS inloggen om reactie te kunne lezen.,,,329s,Desktop,Firefox 131.0.0,Win10,
131,2024-10-26 00:17:19,3,2,3,3,3,lslam(isering) Moslim(fascisme) Xenofobie,Als je terecht islamkritisch bent word je geweerd mbt artikels en reacties,1,5,2,5,5,Zou het niet weten. Benieuwd naar!,5,5,5,1,5,Alles mbt islamisering en massa immigratie. Vermeend racisme/discriminatie en veel meer thema's,4,5,5,5,2,1,Zie vorige reacties,4,Ik_blijf_meestal_ingelogd_tijden,Meer_dan_60_minuten,Ja,Alleen_noodzakelijke_cookies,5y,,,396s,Mobile Phone,Chrome Mobile 0.0.0,Android,
132,2024-10-25 23:09:03,1,3,4,4,5,Geen idee,Cooki,3,3,1,1,1,Geen idee,5,5,5,3,5,Eentonig,4,3,4,4,3,3,Nee,4,Ik_log_alleen_in_wanneer_het_nod,5_tot_15_minuten,Ja,Cookies_voor_personalisatie_van_,65,,,361s,Mobile Phone,Samsung Browser 26.0.0,Android,
133,2024-10-25 22:38:29,5,5,5,3,3,,Dat kan je zelf instellen wat voor nieuws je graag wilt lezen,5,4,4,3,3,,2,5,3,1,3,,3,2,4,4,5,3,,3,Ik_ben_altijd_ingelogd,30_tot_60_minuten,Ja,Alle_cookies_inclusief_marketing,41,,,196s,Mobile Phone,Chrome Mobile 0.0.0,Android,
134,2024-10-25 22:21:56,1,1,2,2,2,Geen idee,Nee,1,4,1,4,5,Geen idee,1,5,1,1,2,"Ik wil überhaupt geen personalisatie, ik wil alle artikelen zien en zelf klikken op wat ik wil lezen.",2,1,1,4,5,4,Nee,2,Ik_log_nooit_in_op_NU_nl,30_tot_60_minuten,Nee,,53,,,222s,Mobile Phone,Safari 17.6.0,iOS,
135,2024-10-25 21:50:16,2,2,3,3,3,geen idee,door dat ik ergens op geklikt heb,3,1,1,1,5,geen idee,3,3,3,5,3,geen idee,3,3,3,1,5,3,nee,3,Ik_log_nooit_in_op_NU_nl,5_tot_15_minuten,Ja,Alleen_noodzakelijke_cookies,70,,,303s,Desktop,Chrome 0.0.0,Win10,
136,2024-10-25 21:44:39,1,3,5,3,5,Zodat ik te zien krijg wat ik interessant zou kunnen vinden.,Aan de hand van wat ik gelezen hen in het verleden.,4,1,3,3,3,Geen idee.,1,1,1,5,5,?,3,3,5,5,5,4,,5,Ik_ben_altijd_ingelogd,30_tot_60_minuten,Ja,Alle_cookies_inclusief_marketing,40,,,238s,Mobile Phone,Chrome Mobile 0.0.0,Android,
137,2024-10-25 21:37:36,4,4,5,1,1,Op alledaagse onzinnige nieuwtjes.,Ik bezoek een site en vervolgens komen er allerlei gerelateerde onderwerpen te voorschijn. Heel irritant.,1,1,3,3,5,Steeds hetzelfde nieuws door algoritme. Redactie plaatst iets actueler nieuws maar 1 keer.,1,5,1,1,1,Ik wil zelf bepalen en niet door een algoritme gestuurd worden om opgedragen nieuwtjes te lezen.,1,1,1,1,3,4,Totaal niet belangrijk. Ik wil zelf bepalen wat ik lees en wil ook alles zelf kunnen uitsluiten. Geen voorgekauwd  en geselecteerd nieuws.  Ik krijg nu constant nieuws waarvan ik de indruk heb dat het geselecteerd is waardoor ik niet al het nieuws krijg wat er is.,2,Ik_log_alleen_in_wanneer_het_nod,15_tot_30_minuten,Nee,,62,,,848s,Desktop,Chrome 0.0.0,Win10,
138,2024-10-25 21:30:43,1,1,4,1,3,Personaliseren van advertenties. Fungeren als moderator.,"Geen idee. Nieuws is nieuws. Trekt het onderwerp je niet aan, dan lees je het niet. Sport interesseerr mij niet, maar staat er gewoon bij, dat kees ik dan niet.  Misschien hooguit in advertenties, maar die lees ik sowieso niet.",1,5,1,5,5,"Ik heb een hekel aan algoritmes. Ik snap de kostenbesparing op peesoneel, maar vind de overname door computers zorgelijk. Hooguit dat je een advertentie krijgt over een locatie waar je bent geweest.  Heb ik ook een hekel aan. Al die bemoeienis in je leven.",3,5,3,1,4,Zou het altijd uitschakelen. Ben opgegroeid in een tijdperk zonder computers. Al die spionage waar je bent en wat je doet. Zet op je site wat je wil en laat mij zelf kiezen of ik iets lees of niet. Ik vind het een doodenge ontwikkeling dat je overal bekeken wordt. De stasi zou er jaloers op zijn.,2,1,1,4,5,5,"Totaal onbelangrijk. Breng gewoon gewoon het nieuws objectief, zonder suggestieve teksten of filtering o.b.v. politieke kleur of mening van medewerkers. Het irriteert mij mateloos als ik bijv. in een tuincentrum ben geweest en gelijk advertenties daarover krijg. We hadden vrienden uit het buitenland over de vloer, krijg ik gelijk advertenties in fie taal (waar ik zelf geen bal van snap). Schaamteloos om mensen te bespioneren, geen ander woord voor. Dictatuur praktijken vind ik het",1,Ik_ben_altijd_ingelogd,15_tot_30_minuten,Weet_ik_niet,,48,,,1835s,Mobile Phone,Chrome Mobile 0.0.0,Android,
139,2024-10-25 21:30:30,1,1,1,1,1,Dat kan overal zijn. Waarschijnlijk ten minste in de getoonde berichten en advertenties.,"Waarschijnlijk worden berichten en advertenties getoond op basis van zoek- en klikgedrag van de gebruiker, misschien ook op basis van zijn (klik)gedrag buiten nu.nl.",1,5,1,5,5,Geen idee,1,5,1,1,1,"Altijd, om geen nieuws te missen dat door een personalisatie verborgen zou blijven!",1,1,1,5,5,5,"Ik vind personalisatie heel slecht, omdat ik daardoor niet weet welk nieuws ik mis. Hierdoor moet ik steeds mijn best doen om overal de zoekgeschiedenis, cookies en persoonlijke voorkeuren uit te schakelen en alle nieuws ook via andere bronnen zoeken om een vollediger beeld te krijgen.",2,Ik_log_nooit_in_op_NU_nl,30_tot_60_minuten,Nee,,70,,,1476s,Mobile Phone,Chrome Mobile 0.0.0,Android,
140,2024-10-25 21:21:48,2,2,2,3,3,"Voor de variërende artikelen, actualiteit lijstjes e.d. en waar er dan bovenaan verschijnt",Ik vermoed dat bepaalde artikelen bovenaan of prominent verschijnen op basis van iets dat over me is geleerd en opgeslagen in cookies of gekoppeld aan mijn account,2,5,2,5,5,Misschien staat het vermeld. Indien het vermeld wordt is het me niet bijgebleven,5,5,5,2,4,Ik wil voorkomen dat ik iets mis omdat het algoritme me verkeerd inschat. Ik wil neutraal en zelf kiezen wat ik lees,2,4,4,4,3,2,,3,Ik_blijf_meestal_ingelogd_tijden,5_tot_15_minuten,Ja,Cookies_voor_personalisatie_van_,49,,,767s,Mobile Phone,Chrome Mobile 0.0.0,Android,
141,2024-10-25 21:21:20,2,3,4,4,4,,,3,3,2,3,4,,4,3,4,3,3,,4,3,3,4,4,3,,3,Ik_log_nooit_in_op_NU_nl,5_tot_15_minuten,Weet_ik_niet,,37,,,264s,Tablet,Chrome 0.0.0,Android,
142,2024-10-25 21:14:47,1,2,3,3,3,Weet ik niet.,Er wordt gekeken waar je belangstelling ligt.,2,4,2,4,4,Weet ik niet.,4,4,2,2,3,Weet ik niet.,4,3,4,5,4,3,Weet ik niet.,4,Ik_blijf_meestal_ingelogd_tijden,15_tot_30_minuten,Ja,Alleen_noodzakelijke_cookies,69,,,293s,Mobile Phone,Chrome Mobile 0.0.0,Android,
143,2024-10-25 21:14:05,3,3,2,2,3,"Voorpagina, NuJij","Analyse van wat mij blijkbaar interesseert, waarna vooral die content als 'aanrader'  staat onder de artikelen die ik lees. Irritant... ;-)",2,5,3,5,5,??? Dat weet de lezer nooit zeker?,5,5,4,1,4,"Als ik daardoor in 'mijn bubbel' wordgehouden, ik ben JUIST geïnteresseerd in een breder perspectief",2,1,1,5,5,5,"Niet, en irritant. Ik wil helemaal niet worden bevestigd, daar is instagram c.s. voor (yuck), verras mij alsjeblieft!",4,Ik_ben_altijd_ingelogd,30_tot_60_minuten,Nee,,54,,,494s,Mobile Phone,Chrome Mobile 0.0.0,Android,
144,2024-10-25 20:44:28,1,3,1,4,1,,,1,5,1,5,5,,3,5,5,1,5,Controversiële onderwerpen. ik heb in die zin niet het idee dat nu.nl onafhankelijk is. Dan controleer ik graag waar ik wel of niet info geef.,1,1,3,4,3,4,algoritmes komen in een confirmatie bias / loop terecht. daardoor mis je nieuws wanneer je uitsluitend op algoritmes gaat vertrouwen,3,Ik_log_nooit_in_op_NU_nl,5_tot_15_minuten,Weet_ik_niet,,51,,,4804s,Desktop,Safari 17.6.0,MacOSX,
145,2024-10-25 20:37:35,1,1,3,1,3,Geen idee,Nee  Green idee,1,5,1,5,5,Weet ik niet,5,5,3,5,5,Ik wil graag al het nieuws volgen,1,1,1,5,5,5,Niet belangrijk Green voorbeeld,5,Ik_ben_altijd_ingelogd,30_tot_60_minuten,Ja,Alle_cookies_inclusief_marketing,70,,,801s,Tablet,Chrome 0.0.0,Android,
146,2024-10-25 20:20:19,1,1,1,1,1,,,1,5,1,5,5,,5,5,5,1,3,,1,1,1,5,5,5,,3,Ik_log_nooit_in_op_NU_nl,Meer_dan_60_minuten,Nee,,,,,99s,Mobile Phone,Samsung Browser 25.0.0,Android,
147,2024-10-25 20:12:37,2,3,4,3,3,,,4,2,3,3,4,,2,5,4,2,4,,3,1,2,4,5,4,,4,Ik_ben_altijd_ingelogd,15_tot_30_minuten,Nee,,56,,,275s,Mobile Phone,Chrome Mobile 0.0.0,Android,
148,2024-10-25 20:07:14,1,1,1,1,1,Geen idee,,1,5,1,5,5,,5,5,5,1,5,,1,1,1,5,5,5,,2,Ik_ben_altijd_ingelogd,30_tot_60_minuten,Ja,Alleen_noodzakelijke_cookies,71,,,199s,Mobile Phone,Chrome Mobile 0.0.0,Android,
149,2024-10-25 19:46:48,1,2,1,1,4,Wordt niet gebruikt,Dat mijn zoek historie en interesses worden gevolgd en opgeslagen en dat deze data een volgende keer direct worden getoond en dat ik er niet naar hoef te zoeken,4,1,2,3,2,Kun je niet herkennen denk ik,4,2,2,4,3,Interesses kunnen wijzigen in de tijd en Interesses kunnen leeftijd gerelateerd zijn,4,1,1,4,2,2,"Een aanslag kan interessant zijn, maar herhaling wordt minder interessant als deze zich herhaald bij dezelfde persoon/ groep. Bijv aanslag 9/ 11 geeft wel inzage in hoe het er in het midden oosten aan toe gaat.",5,Ik_blijf_meestal_ingelogd_tijden,15_tot_30_minuten,Weet_ik_niet,,65,,,794s,Mobile Phone,Chrome Mobile 0.0.0,Android,
150,2024-10-25 19:24:51,4,4,4,4,4,Weet niet,Nee,2,5,3,5,5,Geen idee,5,5,5,1,5,Onbekend,3,3,3,5,5,5,Zeer belangrijk,4,Ik_log_alleen_in_wanneer_het_nod,15_tot_30_minuten,Ja,Alleen_noodzakelijke_cookies,55,,,152s,Mobile Phone,Chrome Mobile 0.0.0,Android,
151,2024-10-25 19:23:39,3,3,5,3,5,,,5,5,5,5,5,,3,3,5,1,5,,3,4,4,5,5,5,,3,Ik_ben_altijd_ingelogd,15_tot_30_minuten,Ja,Alle_cookies_inclusief_marketing,59,,,132s,Mobile Phone,Chrome Mobile 0.0.0,Android,
152,2024-10-25 19:21:28,1,1,3,3,3,geen idee,geen idee,1,4,3,5,5,geen idee,5,5,4,1,5,verandering van belangstelling,1,1,3,5,4,4,neen,4,Ik_ben_altijd_ingelogd,5_tot_15_minuten,Ja,Cookies_voor_personalisatie_van_,80,,,270s,Desktop,Chrome 0.0.0,Win10,
153,2024-10-25 19:13:14,3,3,4,3,3,Bij het aanklikken van artikelen en hoe lang je het open hebt staan. Ook of je de comments leest.,,3,2,3,4,4,Dan staat het in de katern 'voor jou' oid,4,5,5,1,4,Soms klik je per ongeluk iets aan en blijft het je aanbevolen worden. Dat is suf.,4,4,4,3,5,4,Ik zie nu veel over de inmenging van noord-Korea in de oorlog. Dat vind ik interessant dus daar spendeer ik meer tijd aan dan aan andere artikelen. Ik hoop dit meer terug te zien in mijn aanbevelingen. Ook heb ik vragen over slaap ingestuurd. Ben benieuwd of daar nog wat mee gaat gebeuren.,4,Ik_ben_altijd_ingelogd,30_tot_60_minuten,Ja,Alle_cookies_inclusief_marketing,36,,,298s,Tablet,Chrome Mobile 0.0.0,Android,
154,2024-10-25 19:12:42,3,4,3,2,3,om dingen onder de aandacht te brengen,"waar je vaak naar kijkt of klikt, daar krijg je dan nog meer van.",3,3,3,1,1,"geen idee, maar is ook niet interessant",4,5,5,1,5,als onderwerpen weer onder invloed van journalisten weer gekleurd worden weergegeven'',3,1,1,5,5,5,"nee, al het nieuws is negatief",1,Ik_log_nooit_in_op_NU_nl,Minder_dan_5_minuten,Ja,Alleen_noodzakelijke_cookies,53,,,306s,Desktop,Chrome 0.0.0,Win10,
155,2024-10-25 19:07:34,1,1,1,1,1,Geen idee,Kan ik niet en ik ben nog wel iter.,5,5,1,5,5,Geen idee.,4,5,5,4,5,Als ik eens buiten mijn eigen bubbel wil kijken.,4,3,5,4,4,3,,3,Ik_ben_altijd_ingelogd,5_tot_15_minuten,Ja,Alle_cookies_inclusief_marketing,68,,,272s,Mobile Phone,Chrome Mobile 0.0.0,Android,
156,2024-10-25 18:36:03,2,3,4,2,4,,,2,5,2,4,5,,4,5,4,1,4,,3,2,2,5,4,5,,4,Ik_ben_altijd_ingelogd,30_tot_60_minuten,Ja,Alleen_noodzakelijke_cookies,70,,,187s,Tablet,Chrome 0.0.0,Android,
157,2024-10-25 18:30:19,4,4,5,4,3,Beinvloeding,Zo min mogelijk,3,4,3,4,5,Lastig,5,5,4,1,2,"Politiek ,is teveel hier en nu",3,3,2,2,4,4,Zeer dat niet,4,Ik_blijf_meestal_ingelogd_tijden,15_tot_30_minuten,Nee,,63,,,293s,Mobile Phone,Samsung Browser 26.0.0,Android,
158,2024-10-25 18:29:33,1,2,1,4,4,?????????,Snap ik niet,1,1,1,3,3,??????,2,2,2,1,1,Snap ik niet,1,1,3,5,5,1,Nes,3,Ik_log_alleen_in_wanneer_het_nod,5_tot_15_minuten,Weet_ik_niet,,71,,,386s,Mobile Phone,Safari 17.6.0,iOS,
159,2024-10-25 18:23:38,3,1,4,1,3,"Geen idee, ik krijg nog steeds onzinnig sport te zie",,1,5,3,5,5,Waarschijnlijk met een icoontje,5,5,5,1,5,,3,1,3,5,5,5,,3,Ik_blijf_meestal_ingelogd_tijden,5_tot_15_minuten,Ja,Alle_cookies_inclusief_marketing,56,,,227s,Mobile Phone,Chrome Mobile 0.0.0,Android,
160,2024-10-25 18:09:26,3,5,3,2,2,Bijhouden welke artikelen ik open en zodoende de aanbevelingen daarop afstemmen in de hoop op meer app interactie/ tijd,"Nieuws dat ik ofwel interessant vind dmv eerder bekeken berichten,  of aanbevolen voor mijn leeftijdscategorie",3,1,1,2,4,Staat eronder?,3,5,2,2,3,"Geen idee, ik wil niet alleen zien wat jullie denken dat ik wil zien. Ik wil alles zien en zelf beoordelen of iets al dan niet interessant is",1,1,1,1,1,1,"Ik kijk naar geen enkele aanbevelingen,  ik bekijk toch al het nieuws.  Of er nu iets word aanbevolen of niet is niet relevant",3,Ik_ben_altijd_ingelogd,5_tot_15_minuten,Weet_ik_niet,,34,,,1138s,Mobile Phone,Chrome 0.0.0,Android,
161,2024-10-25 18:02:33,1,1,3,2,3,Advertenties ?,Nu+ artikelen?,2,5,2,5,5,Geen idee,2,5,1,1,1,"Altijd uit, ik wil graag veel diverse nieuws lezen, wat ik vandaag niet leuk zou vinden, zou ik morgen wel leuk kunnen vinden. Een algoritme zal dat oude nieuws dus niet meer tonen terwijl ik er wellicht inmiddels wel van wil lezen.",2,1,1,5,3,2,Niet zo belangrijk. Ik lees graag diverse nieuws.,4,Ik_ben_altijd_ingelogd,15_tot_30_minuten,Ja,Alle_cookies_inclusief_marketing,58,,,305s,Mobile Phone,Samsung Browser 26.0.0,Android,
162,2024-10-25 18:01:15,1,1,1,1,1,geen idee,geen idee.,1,5,1,5,5,"geen idee, tot deze vragen wist ik niet dat jullie zoiets deden.",5,5,5,1,5,"In te zorgen dat ik al het nieuws kan zien, bij grote gebeurtenissen bijvoorbeeld.",1,3,3,5,5,5,Ik sorteer nu.nl altijd op 'net binnen' dus geen idee.,1,Ik_ben_altijd_ingelogd,5_tot_15_minuten,Ja,Alle_cookies_inclusief_marketing,36,,,201s,Desktop,Chrome 0.0.0,Win10,
163,2024-10-25 17:52:45,1,1,3,3,3,om uit het grote aanbod een selectie te maken,ik denk dat berichten die verwant zijn aan wat je eerder aanklikte voorrang krijgen.,3,3,2,4,4,"soms aan het taalgebruik, soms aan overbodige herhalingen.",4,4,3,3,4,duidelijk gekleurde berichten over nieuws'feiten',4,2,2,4,5,4,,2,Ik_ben_altijd_ingelogd,5_tot_15_minuten,Weet_ik_niet,,82 jaar,,,644s,Desktop,Chrome 0.0.0,Win10,
164,2024-10-25 17:51:46,3,3,2,2,2,Bij alle sociale en politieke elementen,Gaat het nog oveer de gemiddelde kranten neem dit is waar gaat het over allemaal??,3,3,3,3,4,Perceptie van algoritmische nieuwsaanbevelingen op NU.nl Deze enquête in samenwerking met de Universiteit Utrecht onderzoekt de mening van nieuwslezers over algorithmische aanbevelingen en controle en transparantie in personalisatie. Er zijn 15 vragen gegroepeerd in 5 secties: - Algoritmisch bewustzijn - Opvattingen over transparantie in gepersonaliseerde nieuwsaanbevelingen - Opvattingen over controle van gebruikers over personalisatie - Opvattingen over curatie vs. personalisatie - Algemeen gebruik van Nu.nl Deelname aan de enquête duurt ongeveer 10 minuten. Alle gegevens worden geanonimiseerd.,1,5,1,3,3,Als ze de boel belazeren via algoritmes,3,1,1,5,2,5,alles wat mis ging met de belasting kwam door ingevoerde algoritmes...programmeur mensen voeren het nl in!!!,3,Ik_ben_altijd_ingelogd,15_tot_30_minuten,Ja,Alleen_noodzakelijke_cookies,81 jaar 10-3-1943,,,787s,Desktop,Chrome 0.0.0,Win10,
165,2024-10-25 17:46:44,1,1,3,1,1,geen idee,"geen idee, ik kan mij voorstellen dat op basis van visueel zoekgedrag en wat ik schrijf voorkeuren worden bepaald en dat die terug worden gevoerd. Als dit het geval is zou ik graag hebben dat ze daarmee stoppen want ik wil graag nieuwe informatie die mij verrast.",1,5,1,5,5,geen idee,1,5,1,1,1,ik zou ze altijd uitzetten omdat ik al oogkleppen genoeg heb. Ik denk dat het goed is informatie te krijgen buiten mijn interesses.,1,1,1,5,5,5,Belangrijk om dat ik ze onwenselijk vind als het verder wordt verfijnd.,3,Ik_log_alleen_in_wanneer_het_nod,Meer_dan_60_minuten,Ja,Alle_cookies_inclusief_marketing,59,,,383s,Desktop,Firefox 131.0.0,MacOSX,
166,2024-10-25 17:44:53,3,3,4,3,3,Vermoed de hoofd pagina en of artikelen onder aangeklikt item.,Interesse gebieden en tag gebaseerde voorkeuren afgeleid van voorgaande kliks op tags en categorieën.,2,2,2,4,4,Geplaatst. Algoritme is meer op eigen interesse en niet op latest gebaseerd. Kan wel beide zijn.,5,5,5,1,5,"Bepaalde nieuws hypes zijn niet perse informatief zoals de explosie van nieuws over Gaza en Israël, een conflict wat social media trending is geeft niet aan dat het ook nieuws media trending moet zijn of is voor mensen.",4,3,3,4,5,5,Moet in evenwicht zijn. Algoritmisch sturen moet altijd onder toeziend oog en controle van mensen. Bij Ai of statisch algoritmisch zou dat gelijk moeten zijn.,3,Ik_ben_altijd_ingelogd,15_tot_30_minuten,Ja,Alle_cookies_inclusief_marketing,43,,,520s,Mobile Phone,Chrome Mobile 0.0.0,Android,
167,2024-10-25 17:40:42,1,2,1,1,1,"Geen idee, wel heel onwenselijk",Je kijkt naar een artikel en vervolgens blijf je nieuws over dat onderwerp zien,1,5,1,5,5,Geen idee,5,5,1,1,5,Altijd,1,1,3,5,5,5,"Niet, ik wil al het nieuwsdienst en zelf bepalen",1,Ik_ben_altijd_ingelogd,15_tot_30_minuten,Nee,,52,,,291s,Mobile Phone,Samsung Browser 26.0.0,Android,
168,2024-10-25 17:27:03,2,2,1,2,2,,,1,5,1,5,5,Geen idee,4,5,4,3,3,Wederom geen idee,1,1,1,5,5,5,?,5,Ik_log_alleen_in_wanneer_het_nod,5_tot_15_minuten,Ja,Alle_cookies_inclusief_marketing,64,,,235s,Mobile Phone,Safari 17.6.0,iOS,
169,2024-10-25 17:25:14,1,3,3,1,1,,,2,4,2,5,5,,4,5,4,1,4,,3,1,1,4,4,4,,2,Ik_ben_altijd_ingelogd,15_tot_30_minuten,Weet_ik_niet,,71,,,197s,Mobile Phone,Chrome Mobile 0.0.0,Android,
170,2024-10-25 17:25:11,2,3,3,2,4,Om betere gepersonaliseerde berichten te laten zien,Door mij bekeken berichten worden opgeslagen. Ook de kijk duur.,2,5,3,4,5,Als het door de redactie is geplaatst wordt dit vermeld,1,5,4,4,4,Over sommige onderwerpen worden wel heel veel berichten geplaatst.,2,1,1,5,5,5,"Eenmaal bekeken nieuws hoeft voor mij geen vervolg te hebben, mits er grote veranderingen zijn. Ik zie liever nieuw nieuws",3,Ik_log_nooit_in_op_NU_nl,30_tot_60_minuten,Nee,,53,,,759s,Mobile Phone,Chrome Mobile 0.0.0,Android,
171,2024-10-25 17:24:48,1,1,5,2,1,Geen idee,Op basis van welke nieuwsartikelen ik graag lees. Echter is het gezond dat ik daardoor nog meer mijn voorkeurshoek wordt ingedrukt?,1,5,1,5,5,"Geen idee nu. Bij reclame weet ik het wel, omdat ik bv huizen kijk op funda kijk ik gerelateerde reclame.",2,5,2,2,3,Ik vind personalisatie van nieuws best discutabel. Je krijgt eilandjes en mensen kunnen verder uit elkaar groeten. Ik wil graag ook blijven weten en volgen wat niet alleen voor mij direct interessannderen,2,1,3,5,5,4,Ik vind het belangrijk dat ik ook nieuws volg buiten mijn comfort zone om.,2,Ik_blijf_meestal_ingelogd_tijden,15_tot_30_minuten,Ja,Alleen_noodzakelijke_cookies,54,,,906s,Mobile Phone,Chrome Mobile 0.0.0,Android,
172,2024-10-25 17:21:50,2,2,5,3,5,Voorpagina,Nav mijn klikgedrag krijg ik nieuws op een andere plaats of eerder te zien.,3,4,3,5,5,Weet ik niet,4,1,5,3,2,Bij specifieke nieuws gebeurtenissen.,3,2,2,1,5,4,"Ik lees graag van alles en zal, ondanks personalisatie, veel lezen",3,Ik_ben_altijd_ingelogd,Meer_dan_60_minuten,Weet_ik_niet,,36,,,314s,Mobile Phone,Chrome Mobile 0.0.0,Android,
173,2024-10-25 17:14:03,3,4,4,4,4,"Voor wat voor soort nieuws er wordt gelezen ( sport, wetenschap enz..). Hoe lang je bij een artikel blijft hangen. Of je de reakties leest. Tenminste dat denk ik, kan het ook totaal mis hebben.",Als ik veel sport (bv voetbal) dan zal ik meer artikelen voorgeschoteld krijgen over voetbal en reclame erover.,4,4,3,4,4,Dat kan ik niet. En ik let er ook niet op. Als een artikel mij interessant lijkt dan lees ik het.,4,4,2,3,3,"Soms ben ik wel eens ""tijdelijk moe"" van langslepende gebeurtenissen waar veel over wordt geschreven.",4,2,4,3,4,3,,4,Ik_ben_altijd_ingelogd,30_tot_60_minuten,Ja,Cookies_voor_personalisatie_van_,58,,,974s,Mobile Phone,Chrome Mobile 0.0.0,Android,
174,2024-10-25 17:13:39,3,2,4,2,2,Bij lokaal nieuws,"Waar je veel op klikt, krijg je meer van. Dat is juist zo zonde, het word zo alleen maar eenzijdiger van.",3,4,4,2,4,,5,5,5,1,3,Om meer nieuws te krijgen dan je eigen algoritme zou geven.,4,2,1,5,5,4,,3,Ik_blijf_meestal_ingelogd_tijden,15_tot_30_minuten,Ja,Alleen_noodzakelijke_cookies,57,,,716s,Desktop,Chrome 0.0.0,Win10,
175,2024-10-25 17:13:07,3,2,1,2,4,"Ik weet niet of er een algoritme wordt gebruikt, maar ik zou er de voorkeur aan geven als dat niet het geval was. Ik wil niet alleen maar bevestigd worden in meningen die ik al had.",Ik denk dat ik dan meer nieuws aangeboden krijg over onderwerpen waar ik eerder lang naar heb gekeken.,2,1,2,3,5,"Ik weet niet hoe je dat herkent, maar ik zou willen dat het niet gebeurt.",3,5,1,1,1,Omdat ik niet alleen meningen wil zien waar ik het al mee eens ben.,1,1,1,5,3,3,Het is een verschraling van het nieuwsaanbod,3,Ik_ben_altijd_ingelogd,30_tot_60_minuten,Ja,Alle_cookies_inclusief_marketing,64,,,467s,Mobile Phone,Safari 18.0.1,iOS,
176,2024-10-25 17:10:33,1,1,5,5,5,,,5,1,1,5,5,,5,5,5,5,5,,3,3,3,3,3,3,,3,Ik_ben_altijd_ingelogd,15_tot_30_minuten,Ja,Alleen_noodzakelijke_cookies,50,,,211s,Mobile Phone,Chrome Mobile 0.0.0,Android,
177,2024-10-25 17:01:39,3,3,1,1,1,,,1,1,1,1,5,,1,1,1,1,1,,1,1,1,5,5,5,,1,Ik_log_nooit_in_op_NU_nl,Minder_dan_5_minuten,Nee,,,,,403s,Mobile Phone,Chrome Mobile 0.0.0,Android,
178,2024-10-25 17:01:18,3,3,4,3,3,"Via de app met meldingen op de telefoon, in het hoofdoverzicht van de nu.nl homepage en bij de rubrieken",Op basis van feeds en volgorde van presentatie van artikelen,1,4,1,4,5,"Een label ""aanbevolen door"" (redactie, algoritme, voorkeuren, klikgedrag etc.)",5,3,3,3,3,Als ik teveel on interessante aanbevelingen krijg of het gevoel heb dat ik niet alles krijg voorgeschoteld. Belangrijkste is dat je altijd terug kan naar de ongefilterde inhoud,4,2,1,5,3,1,"Vertrouwen komt te voet en gaat te paard, mocht het niet aansluiten dan is het belangrijk dat dit snel verbeterd kan worden",4,Ik_ben_altijd_ingelogd,30_tot_60_minuten,Weet_ik_niet,,30,,,607s,Mobile Phone,Chrome Mobile 0.0.0,Android,
179,2024-10-25 16:58:03,4,2,4,4,4,"Wat je leest, wat het hoofdartikel is, of je de reacties wel of niet direct kunt zien, de newsfeed, de advertenties",Op basis van eerdere artikellen die ik heb gelezen met bepaalde onderwerpen en via mijn tijd die ik bestaat in de artikellen en in welke categorie ik het meest zit. Op basis hiervan mij artikellen aanbevelen,1,5,1,5,5,Geen idee,5,5,5,1,5,Om te kijken of onbelangrijke onderwerpen niet op mijn radar zitten en of ik niet wordt geïsoleerd in een nieuwsbubbel,4,3,4,5,5,2,"Ik wist niet eens dat dit kon tbh, maar ik gebruik ook niet alle features op de site",3,Ik_log_nooit_in_op_NU_nl,5_tot_15_minuten,Weet_ik_niet,,24,,,617s,Mobile Phone,Chrome Mobile 0.0.0,Android,
180,2024-10-25 16:21:41,2,2,3,3,3,Geen idee,Ik heb echt geen idee,2,5,1,5,5,Geen idee,4,5,5,1,4,Wereldnieuws,3,1,1,4,5,5,Niet belangrijk. Ik kan mijn eigen nieuws wel vinden,3,Ik_log_nooit_in_op_NU_nl,15_tot_30_minuten,Nee,,60,,,230s,Desktop,Safari 17.6.0,MacOSX,
181,2024-10-25 16:21:04,2,1,4,3,4,"bij terugkerende woorden in artikelen, en dan krijg ik meer artikelen te zien waar die woorden in voorkomen (maar misschien snap ik er niks van haha)","als ik klik op bepaalde artikelen, zitten daar kernwoorden in ('tags') die aan mijn profiel worden gekoppeld. Als er dan artikelen zijn met matches krijg ik dat te zien.",4,2,1,1,1,Weet ik echt niet,4,3,3,4,3,Ik kan mij niet voorstellen dat ik het zou willen uitschakelen? Mijn voorkeuren veranderen niet radicaal en ik vind het dan fijn dat ik 'op maat' artikelen krijg.,4,1,2,1,2,2,Vind ik niet belangrijk/spannend. Kan zo geen voorbeeld bedenken. Lastige materie :-),4,Ik_blijf_meestal_ingelogd_tijden,Meer_dan_60_minuten,Ja,Alle_cookies_inclusief_marketing,62,,,378s,Desktop,Chrome 0.0.0,MacOSX,
182,2024-10-25 16:17:42,1,1,5,3,5,Waardeloos. Zo blijf je in je eigen bubble zitten. Ook zeer kwalijk gezien uit democratisch bewustzijn.,"Je wordt veel te veel bevestigd in je toch al bestaande eigen mening,",5,1,5,5,5,,3,3,3,3,3,,3,1,1,5,3,3,,4,Ik_ben_altijd_ingelogd,15_tot_30_minuten,Ja,Alle_cookies_inclusief_marketing,69,,,592s,Desktop,Safari 17.6.0,MacOSX,
183,2024-10-25 15:59:35,1,2,2,2,3,,,1,4,1,5,5,,5,5,4,3,3,,3,2,4,5,4,3,,3,Ik_ben_altijd_ingelogd,30_tot_60_minuten,Ja,Alleen_noodzakelijke_cookies,39,,,796s,Mobile Phone,Safari 17.6.0,iOS,
184,2024-10-25 15:55:04,4,4,5,3,3,,,3,5,3,5,5,,5,5,5,1,5,,4,1,1,5,5,5,,3,Ik_ben_altijd_ingelogd,15_tot_30_minuten,Ja,Cookies_voor_personalisatie_van_,,,,189s,Mobile Phone,Chrome Mobile 0.0.0,Android,
185,2024-10-25 15:51:22,2,4,4,3,4,Aanbevolen artikelen op basis van wat ik lees.,Onderwerpen waar je veel over leest prominenter laten zien,2,1,3,1,1,Door de sectie 'aanbevolen voor jou',4,5,5,3,5,Als ik te veel van hetzelfde ga zien en merk dat ik ander nieuws daardoor mis.,2,1,1,3,5,4,Aanbevelingen maken mij niet zoveel uit. Ik wil vooral bepaald soort nieuws niet hoeven zien (voor mij is dat de economie sectie).,2,Ik_ben_altijd_ingelogd,30_tot_60_minuten,Ja,Alleen_noodzakelijke_cookies,27,,,338s,Mobile Phone,Chrome Mobile 0.0.0,Android,
186,2024-10-25 15:35:15,1,1,1,1,1,,Je geeft door waar je oersoonlijke interesses liggen en nu.nl geeft jou dat aan. Geen kans meer op een algemeen en breder beeld op de samenleving. Vervlakking.,1,1,1,1,1,Geen flauw idee. Voor mij is het een verhaal in nevelen,1,4,1,3,3,Nieuws hoeft niet mijn nieuws te zijn. Nieuws zijn de berichten uit de samenleving die belangrijk zijn voor de mensen in onze samenleving. Ik zie niet in hoe lokaal nieuws uit of over een familie uit Nergenshuizen belangrijk is voor mij.,1,1,1,3,5,4,"Absoluut onbelangrijk. Scholing van de redactie, ook taalkundige scholing want er worden nogal wat taalfouten gepubliceerd, lijkt mij belangrijker dan een wereld die wordt geïnformeerd op digi niveau",1,Ik_log_alleen_in_wanneer_het_nod,30_tot_60_minuten,Nee,,70,,,589s,Mobile Phone,Samsung Browser 26.0.0,Android,
187,2024-10-25 15:30:31,1,1,1,3,3,Geen idee. Ik weiger alle cookies en wens geen selectie van het nieuws. Ik ben heel goed in staat mijn eigen selecties te maken.,Geen idee. Maar ik denk via cookies of identificeren van mijn device.,1,5,1,5,5,Geen idee en dat is schandalig,1,5,1,1,1,Altijd. Ik wil mijn eigen nieuwsselecties maken,3,1,1,5,5,5,Volkomen onbelangrijk. Aanbevelingen zijn voor luie mensen die hun meningen bevestigd willen zien,1,Ik_log_nooit_in_op_NU_nl,30_tot_60_minuten,Nee,,69 (generatie “ik doe/weet het zelf beter” 😂,,,468s,Mobile Phone,Firefox 0.0.0,iOS,
188,2024-10-25 15:24:20,1,1,5,3,3,Overal inclusief (sponsor) reclame,Onthouden welke (type) items het vaakst bezocht worden (ook reclame) en daarop wordt het aanbod afgestemd.,2,1,3,1,1,Geen idee,1,1,1,5,1,(Nieuws)verzadiging,3,3,3,2,3,3,A. Niet belangrijk. B. Nee.,3,Ik_log_nooit_in_op_NU_nl,5_tot_15_minuten,Ja,Alleen_noodzakelijke_cookies,52,,,597s,Mobile Phone,Safari 17.6.0,iOS,
189,2024-10-25 15:24:04,4,3,4,3,5,"Nou,vooral voor anti-Semitische en anti-Israel nieuws.Univ.van Utrecht is bekend om zijn anti-Semitisme.",Geen idee-maar je ruikt het anti-Semitisme als het ware.Het is er van doordrenkt.,5,4,4,4,4,"Nou,dat voel je wel.Die algoritmes zijn niet anti-Semitisch.Dat is  de maatstaf.",5,5,5,3,4,"Nou,als het al te bruin wordt-dan denk je,hoeft voor mij niet.Schakel ik het gewoon uit.",5,1,3,1,5,3,"Nou,wel belangrijk.Voorbeeld:Hamas met de Christen Unie vergelijken.Wij ,van de Unie,vragen ons af waar we dat aan hebben verdient.",5,Ik_ben_altijd_ingelogd,Meer_dan_60_minuten,Weet_ik_niet,,"Vanwege Genderpolitiek,u weet wel ,LBTQ +enz.,ben binair,geen leeftijd.Heeft u begrip voor.",,,770s,Desktop,Chrome 0.0.0,MacOSX,
190,2024-10-25 15:23:04,2,3,3,3,1,bij het kiezen van bepaalde artikelen,(buiten de advertenties om) 'kijkt' men wat voor een artikelen ik vaak lees en dat soort wordt dan vervolgens meer aanbevolen.,3,3,2,4,5,Geen idee. En bovendien ben ik te eigenwijs om te letten op wat er 'geplaatst' wordt. Ik scroll tot ik iets zie dat mijn nieuwsgierigheid wekt.,3,5,3,1,3,"Omdat ik niet altijd 'mijn persoonlijke voorkeuren' wil lezen, dat vind ik afstompend werken. Ik wil een brede interesse houden.",3,3,3,4,5,4,"(wie verzon die 'curatie' term in deze context, imo vreemd) Van mij hoeft het niet. Ik wil gewoon uit AL het nieuws kunnen kiezen. Nee, geen idee (gelukkig).",3,Ik_ben_altijd_ingelogd,15_tot_30_minuten,Weet_ik_niet,,58,,,670s,Desktop,Chrome 0.0.0,MacOSX,
191,2024-10-25 15:21:12,2,2,2,2,2,Geen idee,"Op basis van klikgedrag artikelen ""op maat""",2,5,2,5,5,Ik geloof dat het er soms bij staat. Niet herkenbaar,5,5,4,1,5,Bepaalde onderwerpen wil ik niet zien in het standaard overzicht,3,2,2,4,4,4,Ik heb geen inzage in algoritmen op nu.nl,4,Ik_log_nooit_in_op_NU_nl,5_tot_15_minuten,Ja,Alleen_noodzakelijke_cookies,57,,,219s,Desktop,Chrome 0.0.0,Win10,
192,2024-10-25 15:20:50,4,4,4,1,1,Op artikelen die stemming maken.,Ik krijg als biologische boer veelal artikelen voorgeschoteld waarin aangegeven wordt hoe slecht de agrarische sector is.,1,5,5,5,5,Positief nieuws is er nauwelijks of verdwijnt vlug,5,5,5,1,5,"Als het clubje van 25 boerenhaters onder aanvoering van de gesubsidieerde en zeer goed door nu.nl beschermende “krantenkoppen” de klankkunstwetenschapper weer eens actief is. Deze groep herhaalt iedere keer feitelijke onwaarheden maar je mag er niet op reageren van nu.nl. Door dit klein groepje zien mijn kinderen zichzelf als waardeloos, onmenselijk en als uitschot van de aarde.",1,1,1,5,5,3,Als ik nu.nl open en ik zie geen artikelen die op andere nieuws site worden weergegeven sluit ik het weer. Dit besluit heb ik genomen omdat ik erachter kwam dat ik ook een zeer negatief zelfbeeld begon te ontwikkelen. Als je nu.nl realistisch gaat bekijken wil je er gewoon zo min mogelijk mee te maken hebben. Sinds ik meer en meer afstand heb genomen is mijn leven positief veranderd.,3,Ik_blijf_meestal_ingelogd_tijden,Minder_dan_5_minuten,Nee,,50,,,1095s,Mobile Phone,Safari 17.6.0,iOS,
193,2024-10-25 15:13:20,3,1,5,3,1,,,3,1,1,1,1,,5,5,5,1,5,,3,1,1,5,3,3,,2,Ik_log_alleen_in_wanneer_het_nod,15_tot_30_minuten,Weet_ik_niet,,75,,,159s,Desktop,Chrome 0.0.0,Win10,
194,2024-10-25 15:12:03,1,1,1,2,1,Op alles dat ik aanklik,Dat bepaalde onderwerpen terugkomen,3,4,2,5,5,Geen idee,4,5,4,1,5,Als ik neutraal wil kunnen zien wat er in t nieuws is. Dit wil ik omdat ik niet gestuurd wil worden in het bekijken van berichten.,1,2,3,5,3,2,Ik heb het liefst geen aanbevelingen. Ik wil zelf kunnen beslissen wat ik lees.,1,Ik_blijf_meestal_ingelogd_tijden,30_tot_60_minuten,Ja,Alle_cookies_inclusief_marketing,58,,,448s,Mobile Phone,Samsung Browser 26.0.0,Android,
195,2024-10-25 14:58:19,3,3,3,3,3,Z,Z,3,3,3,3,3,Z,3,3,3,3,3,Z,3,3,3,3,3,3,z,3,Ik_ben_altijd_ingelogd,15_tot_30_minuten,Ja,Alle_cookies_inclusief_marketing,88,,,238s,Mobile Phone,Safari 17.6.0,iOS,
196,2024-10-25 14:47:38,1,2,2,3,2,"Op de voorpagina, in de volgorde van presentatie van het nieuws","NU, weet waar ik woon en globaalm waar mijn interesses liggen. Die kennis hebben ze niet voor niets vergaart",3,2,3,2,2,"Eigenlijk doe ik mijn best niet om dat te doen, ik lees nieuws uit verschillende bronnen",3,3,3,4,2,"Ik vind het niet al te belangrijk, meestal zoek ik bij andere bronnen als ik meer wil weten",3,4,4,2,2,2,Vindt het niet al te belangrijk,2,Ik_ben_altijd_ingelogd,15_tot_30_minuten,Ja,Cookies_voor_personalisatie_van_,75,,,852s,Desktop,Chrome 0.0.0,Win10,
197,2024-10-25 14:47:29,1,1,1,1,1,Geen idee. Het zou juist zo moeten zijn dat iedereen alles leest in het nieuws. Of dit nu iets voor jou is of niet. Alleen zo voorkomen we dat mensen alleen in hun eigen kleine bubbel leven.,"Waarschijnlijk al mijn meest bekeken onderwerpen, cookies etc zorgen ervoor dat er voor mij personalisatie wordt gemaakt.",1,1,1,5,5,Zal er wel bij staan.,1,5,1,1,1,Omdat ik alles wil lezen. Niet alleen iets wat mij interesseert,3,1,1,5,3,3,Heel iets anders maar veel mensen op Facebook krijgen alleen maar info en nieuws dat zij leuk vinden. Heel bizar,3,Ik_ben_altijd_ingelogd,5_tot_15_minuten,Ja,Alle_cookies_inclusief_marketing,35,,,506s,Mobile Phone,Chrome Mobile 0.0.0,Android,
198,2024-10-25 14:43:06,1,1,1,1,1,Geen idee,Het zou moeten werken op mijn voorkeuren voor nieuws. Of dat zo is weet ik niet. Wel zie ik veel achterklap wat me totaal niet interesseert.,1,5,1,1,5,,4,5,4,1,3,,1,3,3,4,4,3,,3,Ik_ben_altijd_ingelogd,15_tot_30_minuten,Weet_ik_niet,,64,,,232s,Mobile Phone,Chrome Mobile 0.0.0,Android,
199,2024-10-25 14:37:29,3,3,3,3,3,Geen idee,Nee,3,3,3,5,5,Geen idee,3,4,3,3,3,Nooit over nagedacht,3,3,3,4,5,5,Niet,3,Ik_ben_altijd_ingelogd,Meer_dan_60_minuten,Weet_ik_niet,,63,,,219s,Tablet,Chrome 0.0.0,Android,
200,2024-10-25 14:34:49,2,2,5,3,4,Bij het creëren van een persoonlijk aanbod van nieuwsartikelen,Ik denk dat dmv cookies etc wordt bijgehouden waar je op klikt.,1,5,1,5,5,Geen idee.,5,5,5,1,5,Omdat ik niet in een Rabbit Hole wil verdwijnen. Ik vind persoonlijk dit soort algoritmes best gevaarlijk.,2,1,2,5,5,5,Ik vind het niet belangrijk. Ik sta open voor allerlei soorten nieuws. Voorbeeld van een ervaring waar het misgaat is bij Netflix. Daar gebruiken ze een heel star algoritme. Kijk een keer een true crime serie en je krijgt daarna niks anders meer aangeboden.,2,Ik_ben_altijd_ingelogd,5_tot_15_minuten,Weet_ik_niet,,35,,,725s,Mobile Phone,Chrome Mobile 0.0.0,Android,
201,2024-10-25 14:25:31,3,3,2,2,2,Algemeen nieuws en algoritme is bij voorbaat fout!,,3,4,3,4,5,Nagenoeg niet. Alleen door veel van alles te lezen wordt er wat duidelijk= Fout,5,5,2,1,1,Alle situaties nml voor en tegens zelf afwegen!,3,3,2,5,5,5,We blijven mensen,4,Ik_log_alleen_in_wanneer_het_nod,5_tot_15_minuten,Nee,,,,,291s,Mobile Phone,Safari 16.6.0,iOS,
202,2024-10-25 14:24:57,2,3,4,2,3,"Geen idee? Reclames hoop ik? Als ik in een bubble terecht ben gekomen van gekleurd nieuws, vind ik dat kwalijk.",Ik hoop reclames op maat. Ik wil geen nieuws op maat want anders ik eenzijdig geïnformeerd (bubble).,1,5,1,5,4,Reclame. Nieuws onbekend.,4,5,4,2,4,Anders ben ik bang dat ik in een bubble terecht kom. Graag wil ik alle kanten van het nieuwsspectrum kunnen volgen om voor mezelf een persoonlijk beeld van de wereld te kunnen blijven vormen.,3,2,2,5,4,4,,4,Ik_ben_altijd_ingelogd,15_tot_30_minuten,Weet_ik_niet,,49,,,754s,Mobile Phone,Chrome Mobile 0.0.0,Android,
203,2024-10-25 14:23:29,2,3,4,4,3,Bij het klikken op nieuwe nieuwsitems,Het algoritme herkent mijn persoonlijke voorkeuren en past het nieuwsaanbod daarop aan.,3,3,2,4,4,"Soms herken ik dat, omdat ik dan nog onlangs een vergelijkbaar item heb aangeklikt",4,3,3,3,4,geen,4,3,4,2,4,2,,4,Ik_ben_altijd_ingelogd,30_tot_60_minuten,Nee,,69,,,381s,Desktop,Chrome 0.0.0,Win10,
204,2024-10-25 14:21:51,3,3,2,2,2,aanbevolen voor jou,vermoedelijk op basis van eerder gelezen artikelen en de bredere nieuwsgroepen waar deze onder vallen,4,4,2,4,4,"onder de kop staat dan zoiets als ""aanbevolen op basis van reacties"" of ""op jouw leesgedrag""",4,5,4,1,4,"als er bijvoorbeeld weer iets gemeld wordt over een BN'er of artiest waar ik echt helemaal geen interesse in heb, laten we zeggen de Roelvinkjes. Ook valt op dat veel artikelen regelmatig uit de mottenballen worden gehaald. Sommige sport berichten, zoals voetbal, interesseren mij helemaal niets.",2,3,2,2,4,4,"Ik prefereer gewoon droge nieuwsgeving met goede koppen, als het onderwerp geen belang voor mij heeft of mijn inetresse niet wekt dan lees ik het niet. Ik kan mij zo even geen voorbeeld voor de geest halen waarbij personalisatie mijn nu.nl ervaring heeft beïnvloed. In algemene zin vond ik de website voorheen prettiger.",3,Ik_ben_altijd_ingelogd,15_tot_30_minuten,Ja,Alleen_noodzakelijke_cookies,55,,,823s,Desktop,Chrome 0.0.0,Win10,
205,2024-10-25 14:21:20,3,4,3,1,1,"Ik zie regelmatig de koppen veranderen, dus daar sowieso. En wellicht in de volgorde van artikelen.",Ik neem aan dat op basis van eerder gelezen artikelen andere artikelen worden geprioriteerd.,1,3,3,4,4,Er staat een schrijver bij of 'gegenereerd door AI',2,5,2,1,2,"Ik wil helemaal geen personalisatie, want dit draagt bij aan bubbels en polarisatie. Iets waar nu.nl sowieso erg goed in is.",1,1,4,1,2,1,Zoals aangegeven vind ik het meer een slechte dan een goede zaak.,3,Ik_log_nooit_in_op_NU_nl,5_tot_15_minuten,Weet_ik_niet,,41,,,262s,Desktop,Chrome 0.0.0,Win10,
206,2024-10-25 14:16:09,1,1,1,1,1,Geen idee,Echt geen idee,1,1,1,4,3,Geen idee hoe je dat kan zien. Mij is zoiets nooit opgevallen.,5,4,5,1,5,"Uitschakelen niet, maar wel finetunen.  bv  ik heb aangegeven tech berichten te willen zien, maar krijg nu ook ongewenst berichten over games...",1,3,3,5,4,4,"Ik hoop dat nu berichten aanbevolen worden die ik wil, maar ik merk dat dit geregeld niet klopt...",4,Ik_blijf_meestal_ingelogd_tijden,Meer_dan_60_minuten,Ja,Alleen_noodzakelijke_cookies,57,,,944s,Mobile Phone,Chrome Mobile 0.0.0,Android,
207,2024-10-25 14:07:30,2,3,2,1,2,Advertenties,Door mij advertenties e.d. aan te bieden op grond van mijn zoekgedrag,3,5,2,5,5,'geplaatst' bedoelt u? Door te vergelijken met anderen wat er binnenkomt op de site. Als uit gesprekken blijkt dat berichtgeving mij wel erg naar de mond praat.,4,5,3,5,3,Ik zou personalisatie uitschakelen als ik bemerk dat ik relevant nieuws niet meer ontvang.,2,1,1,5,4,4,"Ik ben een beetje benauwd voor personalisatie. Ik ga liever uit van de kwaliteit van de informatievoorziener. Daar ligt een belangrijke taak voor gekwalificeerde, onafhankelijke redacteuren. Zodra ik aan die kwaliteit ga twijfelen ben ik weg. Ik heb een hekel aan personalisatie van nieuws. Bij muziek maak ik er wel gebruik van, maar ook liever niet teveel.",3,Ik_ben_altijd_ingelogd,5_tot_15_minuten,Ja,Alle_cookies_inclusief_marketing,74,,,730s,Desktop,Chrome 0.0.0,Win10,
208,2024-10-25 14:02:17,3,2,2,1,1,Comments,"Is er personalisatie? Ik zou graag expliciete koppen, bijv. Over Gino, niet zien made volgens mij is hier geen functie voor?",3,5,1,5,5,,5,5,5,1,5,,1,1,1,5,5,3,,3,Ik_log_nooit_in_op_NU_nl,30_tot_60_minuten,Weet_ik_niet,,35,,,249s,Mobile Phone,Chrome Mobile 0.0.0,Android,
209,2024-10-25 13:59:16,3,4,4,4,4,Omdat alle nieuwssites AI gebruiken,Mijn voorkeur voor bepaald wat ik lees is voeding voor AI en zorgt ervoor dat ik niwt alle nieuws te zien krijg,3,4,3,3,4,Dat is steeds lastiger te zien,3,4,3,3,3,Als het algemeen belang in het geding is,4,3,4,4,3,3,Ik  ind dat redacties te vaak links zijn georienteerd. Dat komt omdat nongeren minder levenservaring hebben en vaak teveel de ken in idealen ipv realiteit,3,Ik_ben_altijd_ingelogd,15_tot_30_minuten,Weet_ik_niet,,57,,,453s,Mobile Phone,Chrome Mobile 0.0.0,Android,
210,2024-10-25 13:58:44,3,1,1,1,1,"Geen idee, er word ook niets voorgesteld naar mijn weten.",Puur voor reclame,1,5,1,5,3,Ik zie alleen vage slechte vertaling bij video’s… dacht wel eens dat er geen mens meer bij van pas komt.,4,1,5,3,4,"Als ik de helft van het nieuws mis of als alles telkens voorgeschoteld word op basis van eerder, soms heb je meer interesse op een x moment en later weer minder.",1,1,1,5,5,5,Ik heb geen idee waar dit allemaal over gaat….,3,Ik_ben_altijd_ingelogd,Meer_dan_60_minuten,Ja,Alle_cookies_inclusief_marketing,42,,,406s,Mobile Phone,Safari 18.0.1,iOS,
211,2024-10-25 13:55:33,2,3,1,1,1,Tonen van titels vam artikelen; modereren van commentaren,,1,4,1,5,5,,1,5,1,1,5,,1,1,1,5,5,5,,1,Ik_log_alleen_in_wanneer_het_nod,15_tot_30_minuten,Nee,,0,,,200s,Desktop,Firefox 131.0.0,Win10,
212,2024-10-25 13:55:04,1,1,1,1,1,Geen idee. Liever niet ook. Gewoon nieuws op datum/tijd plaatsen en een selectie mogelijkheid bieden voor wel/niet interessant.,Nee,1,5,1,5,5,Geen idee,5,5,5,1,5,Om een frisse start te maken met het algoritme.,3,1,1,5,5,5,,3,Ik_ben_altijd_ingelogd,15_tot_30_minuten,Ja,Cookies_voor_personalisatie_van_,56,,,330s,Desktop,Chrome 0.0.0,Win10,
213,2024-10-25 13:54:08,1,1,1,3,3,Geen idee dat; wordt (TEN ONRECHTE) niet duidelijk meegedeeld op de website,Nee,1,5,1,5,5,Geen idee,4,3,2,2,4,,2,2,2,5,5,4,,2,Ik_log_nooit_in_op_NU_nl,15_tot_30_minuten,Nee,,,,,253s,Desktop,Chrome 0.0.0,Win10,
214,2024-10-25 13:51:04,1,1,1,1,1,Ik heb geen idee.,,1,1,1,5,5,,5,5,5,1,5,,3,1,1,1,5,5,,1,Ik_ben_altijd_ingelogd,30_tot_60_minuten,Ja,Alle_cookies_inclusief_marketing,59,,,293s,Mobile Phone,Chrome 0.0.0,Android,
215,2024-10-25 13:46:36,2,3,3,3,2,"Reclames, aan- en doorklikken, categorie voorkeur","Reclame aanbieden samenhangend met persoonlijk profiel, artikelen aanbieden volgens voorkeurscategorieen",1,2,2,5,5,Niet,5,5,3,1,5,Als ik mijn blik verbreden wil,3,1,1,5,4,5,Personalisatie moet zolang mogelijk worden uitgesteld,4,Ik_log_alleen_in_wanneer_het_nod,15_tot_30_minuten,Nee,,65,,,389s,Mobile Phone,Safari 17.6.0,iOS,
